timestamp,x,y,z,qx,qy,qz,qw
1751541542.0847888,0.22377,-0.00995,0.0,-0.0069633039008240956,-0.004660857797418895,-0.032838396640876164,0.9994255492578891
1751541542.1838613,0.23328,-0.01053,0.0,-0.006077949413667967,-0.004251836458724149,-0.03309344570536219,0.9994247366705505
1751541542.283908,0.24559,-0.01094,0.0,-0.007480000175973368,-0.004193880784103502,-0.03466918649266942,0.9993620507450103
1751541542.384708,0.25625,-0.01259,0.0,-0.006674045970691281,-0.003795539195891766,-0.03309324371578249,0.9994227775135812
1751541542.4858222,0.26422,-0.01292,0.0,-0.00700646305349217,-0.003258856323568024,-0.033352670927881786,0.9994137725051215
1751541542.5844703,0.27269,-0.01292,0.0,-0.007468537152464112,-0.003936810682579003,-0.03405682506173257,0.9993842379891562
1751541542.6843648,0.283,-0.0145,0.0,-0.006746526882964726,-0.003264055894995086,-0.03387510479271526,0.9993979725761977
1751541542.7877398,0.29413,-0.01504,0.0,-0.007176960088911845,-0.0030742208243277323,-0.033962526500226534,0.9993926091401351
1751541542.884011,0.30342,-0.01538,0.0,-0.007462841260116284,-0.003668660662083096,-0.0349270584422153,0.9993552659179052
1751541542.9892156,0.3111,-0.01641,0.0,-0.007012578167055623,-0.003339341703422347,-0.03431261444623423,0.9993809669161718
1751541543.0888827,0.32098,-0.01697,0.0,-0.007096800546065436,-0.0032491348001115476,-0.03431230743559205,0.9993806802732909
1751541543.1937683,0.33281,-0.01736,0.0,-0.007008805805230936,-0.0031600241756290686,-0.035009124391228684,0.9993574195940876
1751541543.286165,0.34327,-0.01791,0.0,-0.00708052300785875,-0.0027215342657318604,-0.03491919377998065,0.9993613507390267
1751541543.3857694,0.35026,-0.01852,0.0,-0.006744929897713118,-0.0030802130278185925,-0.03526935825688118,0.9993503342554731
1751541543.4867463,0.35918,-0.01891,0.0,-0.007098493454155714,-0.0031513948699768654,-0.035794282142145147,0.9993289996127317
1751541543.5904467,0.37205,-0.01983,0.0,-0.006917057080808576,-0.0029850367227103733,-0.03553093961920934,0.9993401804225032
1751541543.695551,0.38322,-0.02089,0.0,-0.006749937477417525,-0.0031633002081438186,-0.03588038789841288,0.9993282892223673
1751541543.788663,0.39164,-0.02236,0.0,-0.0070962916358142305,-0.003156349784906772,-0.035096610221811965,0.9993537452033653
1751541543.8963335,0.39785,-0.02251,0.0,-0.0069260639703073185,-0.003247268098965678,-0.03544548031480514,0.9993423351449818
1751541543.988687,0.40942,-0.02332,0.0,-0.006946241904285941,-0.003767492423317801,-0.03588501350543285,0.9993246827382791
1751541544.0892324,0.4237,-0.02484,0.0,-0.007299609597265315,-0.003932566318843532,-0.035451509223862476,0.9993370007738259
1751541544.1908689,0.43247,-0.02582,0.0,-0.006797620249781372,-0.004470230574660079,-0.036063287468062234,0.9993163906864256
1751541544.2890837,0.43913,-0.0258,0.0,-0.00769519632023828,-0.005043831170008412,-0.036769284659560544,0.9992814235371063
1751541544.3887236,0.44868,-0.0266,0.0,-0.007798694975547437,-0.005567929591493229,-0.036250364155287575,0.9992967975608404
1751541544.489427,0.4606,-0.02739,0.0,-0.00719240464146215,-0.005676023146256724,-0.03642195669116196,0.999294497707009
1751541544.5900009,0.47318,-0.0283,0.0,-0.00807765609166747,-0.00599235004285223,-0.036516762155191604,0.9992824271919976
1751541544.6888037,0.48161,-0.02906,0.0,-0.007554431952952654,-0.0060114693525134795,-0.03651361956255085,0.9992865196631712
1751541544.7936485,0.48874,-0.02955,0.0,-0.007566156095681674,-0.006270441917437532,-0.03686429003861,0.9992719644621505
1751541544.8912702,0.50051,-0.03037,0.0,-0.007834743035098074,-0.006434513017993268,-0.03695441440946405,0.9992655228213614
1751541544.9951112,0.51331,-0.03151,0.0,-0.007235732561031625,-0.006716800891543094,-0.03721384366115038,0.9992585544292588
1751541545.0957139,0.52293,-0.03241,0.0,-0.007598724683595774,-0.007051291326889346,-0.037393052142152834,0.9992468655569057
1751541545.1971977,0.5295,-0.03289,0.0,-0.0073385044743954206,-0.007150203244811617,-0.03713019337310506,0.9992579094936966
1751541545.2935336,0.53907,-0.03325,0.0,-0.006997440275618874,-0.007336346897052336,-0.037303221620486736,0.999252562418795
1751541545.395562,0.552,-0.03389,0.0,-0.0072701065007078364,-0.007586915928124263,-0.03748129325157022,0.999242081236753
1751541545.4957817,0.56322,-0.03474,0.0,-0.00709440919038258,-0.007504399668357545,-0.037741000648854016,0.9992341918758986
1751541545.5932662,0.57146,-0.03548,0.0,-0.00736518307516094,-0.007756760831513252,-0.03765753581508326,0.9992334545720571
1751541545.6939802,0.57945,-0.03629,0.0,-0.007364506142038263,-0.0077574035354502505,-0.03757033610291287,0.9992367370071948
1751541545.7935174,0.59079,-0.03753,0.0,-0.006929184543423142,-0.007773191292307012,-0.037654147705064034,0.9992365731193497
1751541545.898661,0.60302,-0.03832,0.0,-0.007010493868026694,-0.007594893164930876,-0.037740905884251365,0.9992341039999464
1751541546.0021396,0.61262,-0.03913,0.0,-0.006568574720208932,-0.007436386297543897,-0.037823743542646955,0.9992351667197261
1751541546.0988588,0.62001,-0.03965,0.0,-0.006664350256133091,-0.007605740929689261,-0.03808704949614498,0.999223256235188
1751541546.1963427,0.63025,-0.04031,0.0,-0.006398071446994032,-0.007439638670437038,-0.03834563876591745,0.9992163571748846
1751541546.3013818,0.6422,-0.04144,0.0,-0.0061154948336222155,-0.0068371519929922775,-0.03868908553575979,0.9992091916790854
1751541546.3964689,0.65379,-0.04213,0.0,-0.006626896521610288,-0.006466368539144079,-0.03895212198872171,0.9991981797986741
1751541546.4989073,0.6617,-0.04324,0.0,-0.006962648150035585,-0.006103376961237845,-0.039039318330879445,0.9991947767801171
1751541546.5955,0.66959,-0.04407,0.0,-0.006802980279344702,-0.0064577892181497025,-0.039214837816739664,0.9991867757895615
1751541546.6965199,0.68222,-0.04504,0.0,-0.006967127834186576,-0.0061893575239354735,-0.03921427411900007,0.9991873656569638
1751541546.797136,0.69428,-0.04595,0.0,-0.006794358564192757,-0.006194423064990238,-0.03947477888324887,0.999178266200137
1751541546.8956044,0.7027,-0.04655,0.0,-0.006707704626099252,-0.006197282531657661,-0.03956143282134238,0.9991754067334695
1751541546.9965544,0.7094,-0.04655,0.0,-0.006966375191546842,-0.00609912258302484,-0.03964968436435834,0.9991707425911822
1751541547.0955558,0.71933,-0.04727,0.0,-0.006890094204133335,-0.006363564508554697,-0.039738013301480773,0.9991661132902051
1751541547.2011237,0.73269,-0.04806,0.0,-0.006967971699353037,-0.006097298581271712,-0.03991126529131419,0.9991603280871665
1751541547.295621,0.74357,-0.0489,0.0,-0.006881843167960326,-0.006099580457679503,-0.04008511892117339,0.999153951397845
1751541547.3974144,0.75053,-0.04929,0.0,-0.006965020677048125,-0.006009497283059467,-0.03999789448313416,0.9991574164596334
1751541547.4994824,0.75888,-0.04984,0.0,-0.007051689433912642,-0.00600662218428144,-0.03991122572626964,0.9991602915584115
1751541547.5954463,0.7702,-0.05081,0.0,-0.006961020693525416,-0.005922911518744017,-0.0399101372000073,0.999161470563553
1751541547.6959198,0.78272,-0.05204,0.0,-0.007385023975942585,-0.005554145709984269,-0.04025907613150299,0.9991465456455049
1751541547.797347,0.79121,-0.053,0.0,-0.00755239596190902,-0.005372734664101252,-0.04025880700260129,0.9991462973439832
1751541547.8962467,0.79831,-0.05351,0.0,-0.007390498666933277,-0.0056387585399530265,-0.04060844469294098,0.9991318927705202
1751541547.996975,0.80857,-0.05406,0.0,-0.007644997996004156,-0.005453745304492444,-0.04060866739726721,0.9991309958158705
1751541548.0960124,0.82103,-0.05499,0.0,-0.007388899701133112,-0.005548988637542744,-0.04095660214120658,0.9991181960245514
1751541548.1957915,0.83143,-0.05593,0.0,-0.007738623154722176,-0.005533341188361744,-0.041132914544257375,0.9991083921117155
1751541548.2966974,0.8391,-0.05675,0.0,-0.007993025267374786,-0.0053481947417554744,-0.04113304869808946,0.9991073919578817
1751541548.3957937,0.84719,-0.0572,0.0,-0.00790677061134077,-0.005350404346736972,-0.041306958452843795,0.9991008914695257
1751541548.4973938,0.85939,-0.05795,0.0,-0.00816740228045553,-0.0053410155890226095,-0.04113398150766538,0.9991059816945318
1751541548.5963783,0.87108,-0.05892,0.0,-0.008583946884433601,-0.004796190495643474,-0.04156797979439674,0.999087291215551
1751541548.6955578,0.88035,-0.06023,0.0,-0.008762791142566763,-0.004874593102654772,-0.04174391573324458,0.9990780236461669
1751541548.7960937,0.88831,-0.06118,0.0,-0.008936738231462312,-0.004868087236793213,-0.04165757984540395,0.9990801181476193
1751541548.900556,0.89801,-0.06203,0.0,-0.008842706993609478,-0.0046965776326315135,-0.04174287192901575,0.9990782158243084
1751541548.9993334,0.90958,-0.06295,0.0,-0.009011777821756663,-0.004510987863870214,-0.04217811610934647,0.9990592802083618
1751541549.0955606,0.92,-0.06406,0.0,-0.009007718479337854,-0.004424589249300382,-0.04209018089180526,0.999063411746355
1751541549.1974237,0.9278,-0.06532,0.0,-0.009098962156642899,-0.004507307111706335,-0.04217850960669733,0.9990584899782547
1751541549.2956793,0.93646,-0.06593,0.0,-0.00910589979828378,-0.004682470940171432,-0.042092840776344474,0.9990612342645145
1751541549.3964028,0.94736,-0.06719,0.0,-0.0088311991525354,-0.004341667711988414,-0.04243740927006726,0.9990506624478318
1751541549.5091522,0.9617,-0.06826,0.0,-0.008933576049422989,-0.004685919893735868,-0.04252794225518016,0.9990443471144105
1751541549.6036935,0.97864,-0.0699,0.0,-0.008738078186798988,-0.004167953117212553,-0.042784305649911265,0.9990374253983025
1751541549.6957567,0.99514,-0.07148,0.0,-0.009001438139206466,-0.004152824846601092,-0.043221302562072336,0.9990163397873216
1751541549.7959673,1.00894,-0.07287,0.0,-0.00874780422340341,-0.004337738811397176,-0.04330885079892765,0.9990140156102663
1751541549.895545,1.02171,-0.07389,0.0,-0.00901388758886234,-0.0044120077927608655,-0.04348509508776281,0.9990036689236832
1751541549.9958444,1.03673,-0.0751,0.0,-0.008847103271020144,-0.0045939571715471325,-0.04348579372665726,0.9990043093326377
1751541550.0969372,1.054,-0.07692,0.0,-0.00877268929798916,-0.004668098208592361,-0.04540398906984806,0.9989192793004553
1751541550.1971724,1.06922,-0.07826,0.0,-0.008802244645295002,-0.005087070512505831,-0.047325309935465396,0.9988277915848744
1751541550.298754,1.0829,-0.07863,0.0,-0.008739822905845478,-0.005238098495472219,-0.050463965907798974,0.998673903716615
1751541550.3955674,1.0975,-0.08014,0.0,-0.008587061844540526,-0.005400990750470515,-0.05281737400252334,0.9985526609404579
1751541550.4984565,1.11227,-0.08144,0.0,-0.008261129195625721,-0.005384870368059647,-0.05699774980898843,0.9983256049166747
1751541550.5955932,1.12762,-0.08285,0.0,-0.008225296231006233,-0.005693192796525431,-0.062487581143822336,0.9979956083372751
1751541550.69562,1.13561,-0.08392,0.0,-0.00788589693822382,-0.005702624632364333,-0.06405316455480486,0.9978990353799813
1751541550.8001537,1.15735,-0.08685,0.0,-0.00741416339695055,-0.005670392716160519,-0.07293002888875388,0.9972933809636225
1751541550.8961942,1.17119,-0.08898,0.0,-0.00653625281388976,-0.005364263048162906,-0.07622985010739171,0.9970544177895747
1751541550.996045,1.18597,-0.09157,0.0,-0.006652656364152799,-0.005416801562699949,-0.08040658395149096,0.996725228777411
1751541551.0993755,1.20129,-0.09425,0.0,-0.005906376729527597,-0.00467413811240577,-0.08309495694303115,0.9965131686422768
1751541551.1976502,1.21632,-0.09694,0.0,-0.005395703603013269,-0.00470494563217947,-0.08544025115911374,0.9963175765543304
1751541551.2957547,1.23086,-0.09925,0.0,-0.004793470610711143,-0.00465598949722122,-0.08839278380172394,0.9960632812091246
1751541551.3963716,1.2458,-0.10198,0.0,-0.004056947844604357,-0.004191203315202753,-0.08960468395587791,0.995960328327451
1751541551.495967,1.26088,-0.10454,0.0,-0.003616729984478413,-0.004141492860349194,-0.09012407356740681,0.9959153672198877
1751541551.5974004,1.27568,-0.10684,0.0,-0.0032386410625416108,-0.0038244625830464365,-0.09038248345642041,0.9958945181967158
1751541551.695815,1.29043,-0.10904,0.0,-0.0029085370058187,-0.00402855992070275,-0.09081604924833847,0.9958552888428994
1751541551.8034072,1.30435,-0.11151,0.0,-0.003058904065618148,-0.0037517276906179117,-0.09090304869804393,0.9958479820648601
1751541551.8987358,1.31922,-0.11429,0.0,-0.0028223366831082353,-0.004035992571515238,-0.0909895055405536,0.9958396733717207
1751541551.9959102,1.33419,-0.11682,0.0,-0.0028556205690383704,-0.004382610072055596,-0.09133782108623661,0.9958062264312976
1751541552.101378,1.34831,-0.11934,0.0,-0.0034914307537183558,-0.004584774888418748,-0.09212323736574819,0.9957309369944114
1751541552.198468,1.36287,-0.12186,0.0,-0.0034420873173991594,-0.005029087530662967,-0.0916025458076698,0.9957770000934256
1751541552.3042188,1.3785,-0.12477,0.0,-0.004454380625413827,-0.005549049033733312,-0.09169630194562745,0.9957615953417572
1751541552.4065158,1.39969,-0.12837,0.0,-0.004231583538601114,-0.006009016996107186,-0.09134860108646242,0.9957918550053734
1751541552.5100548,1.41498,-0.13079,0.0,-0.004685630790837466,-0.006233129016772177,-0.09065691468025845,0.9958516540064631
1751541552.6053984,1.43048,-0.1337,0.0,-0.0049471042703512404,-0.006301916019642553,-0.08952905596405726,0.9959519868708554
1751541552.7130497,1.44544,-0.13711,0.0,-0.005055422661332429,-0.0067419288332059525,-0.08692357816999474,0.9961793416124669
1751541552.8054624,1.46057,-0.13945,0.0,-0.0049569592677511255,-0.006850316987551577,-0.0841411220218333,0.9964179711832253
1751541552.9072428,1.47472,-0.14154,0.0,-0.0051633694823308976,-0.007457401062552199,-0.08162277601023414,0.996622019233653
1751541553.0083134,1.49006,-0.1436,0.0,-0.005215940346085683,-0.007566040559878845,-0.07614335727783604,0.99705453117621
1751541553.105263,1.50494,-0.14539,0.0,-0.005458534338593372,-0.0077425789013999494,-0.07205601912003677,0.9973555970582423
1751541553.2058706,1.52065,-0.14763,0.0,-0.005224827527018704,-0.007613600839646964,-0.06587305461531551,0.9977852849863115
1751541553.3075128,1.53591,-0.14957,0.0,-0.005282649557369116,-0.007628192403519333,-0.062042023893419895,0.9980304061327577
1751541553.406629,1.55074,-0.15104,0.0,-0.005846221314578772,-0.0075349381225130315,-0.05664551223677452,0.9983488029477794
1751541553.5070143,1.5659,-0.15223,0.0,-0.005973955919274849,-0.007380612731102499,-0.05167927285949495,0.9986185914367417
1751541553.6085243,1.58113,-0.15368,0.0,-0.006356730760795784,-0.00704118443367762,-0.04671258866565227,0.9988633278662099
1751541553.7054625,1.59545,-0.15573,0.0,-0.00708697791716158,-0.00660523382882994,-0.04157182779396315,0.9990885490105154
1751541553.8063076,1.61038,-0.15764,0.0,-0.0063449287156640485,-0.006496531166840619,-0.035811161709659624,0.9993173158008402
1751541553.905774,1.62583,-0.15946,0.0,-0.006152072551598471,-0.006789692673695698,-0.0317125053373713,0.9994550360481174
1751541554.0118833,1.64052,-0.15976,0.0,-0.006191496409215586,-0.006294485172040427,-0.026738193336437687,0.9996034783081424
1751541554.1072664,1.65553,-0.16043,0.0,-0.005975676164275975,-0.006338397958988337,-0.02019417193979987,0.9997581264612752
1751541554.2070193,1.67013,-0.16011,0.0,-0.005682806014915444,-0.006017562390268485,-0.016177153621926114,0.9998348835479631
1751541554.306985,1.68477,-0.15996,0.0,-0.00582686736243735,-0.005956033218457321,-0.011291423213190533,0.9999015336756225
1751541554.4053473,1.69915,-0.15977,0.0,-0.005790375535921083,-0.005991516178048033,-0.005183199642665826,0.9999518527041718
1751541554.5247626,1.71363,-0.16054,0.0,-0.0060297603961977555,-0.006100090465920243,-0.0014329936516660241,0.9999621879926593
1751541554.6133397,1.7287,-0.1603,0.0,-0.0059932135560547455,-0.0059622855036708874,0.004676472341769825,0.9999533304856187
1751541554.7177758,1.74311,-0.16007,0.0,-0.00605119675812938,-0.006165271486205575,0.009299713841713571,0.9999194406389738
1751541554.8134875,1.75711,-0.15929,0.0,-0.006188565099527453,-0.006376075688377212,0.0148819486849632,0.9998497761784831
1751541554.9144964,1.77225,-0.15923,0.0,-0.0063357589289189924,-0.006491411708907313,0.018893780912086263,0.9997803482643908
1751541555.0133183,1.78768,-0.15831,0.0,-0.006460925116199675,-0.006798882116879876,0.02543395696195022,0.999632505214722
1751541555.117163,1.80307,-0.15811,0.0,-0.006777223277234905,-0.007094348962258973,0.029093360663988273,0.999528546777293
1751541555.215227,1.81774,-0.15669,0.0,-0.006903203500876079,-0.0072307744904810956,0.03545828385774277,0.9993211554788365
1751541555.3161523,1.83212,-0.15463,0.0,-0.007026537534914523,-0.007705577207489199,0.040075280864293183,0.9991422439842177
1751541555.415,1.84801,-0.15269,0.0,-0.007505848472733516,-0.007852499790071117,0.04521425804189367,0.9989182505868397
1751541555.5153406,1.86301,-0.15162,0.0,-0.007976433247467435,-0.008177463484413314,0.05017605697958972,0.9986750567174443
1751541555.6135824,1.87777,-0.15071,0.0,-0.00820594662730118,-0.007975823607435414,0.055840239290620784,0.9983741364607255
1751541555.7133482,1.89281,-0.14883,0.0,-0.008428284355522491,-0.008194897784007,0.05940825467679153,0.9981645490345715
1751541555.8144646,1.90696,-0.14682,0.0,-0.008633515295114481,-0.00826940813804089,0.06619895386254263,0.9977348233925688
1751541555.9145427,1.92186,-0.144,0.0,-0.00903038092268177,-0.00834014776688519,0.07080924281838827,0.9974141292798615
1751541556.0168223,1.93695,-0.14166,0.0,-0.009121033560191102,-0.007863160831734826,0.07507819952008249,0.9971049299874867
1751541556.117653,1.95156,-0.1401,0.0,-0.009181088169260205,-0.007664900582352019,0.08116973653643539,0.9966285319965993
1751541556.2148025,1.96586,-0.13805,0.0,-0.00924286385334075,-0.00754654015526564,0.0863880787107026,0.9961901018661784
1751541556.3133564,1.98054,-0.1366,0.0,-0.009778825809223719,-0.007112911551074641,0.09073567877086519,0.9958015955264632
1751541556.4135458,1.99584,-0.13403,0.0,-0.009401173068767086,-0.007045307088939823,0.0961255483034484,0.995299884736412
1751541556.5191045,2.01079,-0.12986,0.0,-0.009307477466739385,-0.006820288253381137,0.1008180711109948,0.9948379622173681
1751541556.6137495,2.02458,-0.12592,0.0,-0.009481655650068609,-0.006541190298017699,0.10611491611991127,0.9942871494756848
1751541556.7262976,2.03856,-0.12273,0.0,-0.009735912453307535,-0.006289172717398853,0.11296908417991881,0.9935308975239686
1751541556.820427,2.05325,-0.11949,0.0,-0.009792076847155811,-0.00641738250445404,0.11617494870895245,0.9931597624376871
1751541556.9227495,2.06865,-0.11588,0.0,-0.009723491990338656,-0.006166767263088343,0.1181715316161063,0.9929264392695665
1751541557.020318,2.08314,-0.11285,0.0,-0.010079183561551243,-0.005985055253557071,0.12181076633369653,0.9924841189548284
1751541557.1208756,2.09704,-0.10987,0.0,-0.009888746702900695,-0.005992297527610311,0.12466945411662736,0.9921309552016048
1751541557.221975,2.11125,-0.10625,0.0,-0.010059838448962263,-0.005949439136170905,0.12683357892753425,0.9918551542845251
1751541557.326043,2.1262,-0.10262,0.0,-0.00992704879095195,-0.006218839405375153,0.12890823188142633,0.9915873372991189
1751541557.4203737,2.14103,-0.09925,0.0,-0.010180104586139719,-0.0061953986206998175,0.13176261916347187,0.9912096623306936
1751541557.5224285,2.15565,-0.09554,0.0,-0.01045793493860073,-0.005998713247451864,0.13444504222434225,0.9908477065914264
1751541557.6278448,2.16931,-0.09137,0.0,-0.010372671161388609,-0.0065410635689110205,0.1366867191938052,0.9905384207472211
1751541557.720638,2.18381,-0.08724,0.0,-0.01123349249394378,-0.006600390786302899,0.1390155579607309,0.9902044829896111
1751541557.8209078,2.19847,-0.08268,0.0,-0.011005711819242299,-0.006865157203718283,0.14169169698873216,0.9898258467671843
1751541557.920326,2.21312,-0.07848,0.0,-0.011147179640466255,-0.007006445434503077,0.144366599848769,0.9894366755667297
1751541558.0251002,2.22731,-0.07448,0.0,-0.011126595085532355,-0.007650653115201332,0.1467753678937905,0.9890776803509196
1751541558.120701,2.24151,-0.07041,0.0,-0.010821691157937234,-0.00842357585329499,0.14875158958249335,0.9887794996696723
1751541558.2234344,2.25603,-0.06639,0.0,-0.01071792677156341,-0.00897218846361655,0.15159170777599426,0.9883443630706102
1751541558.3256342,2.27114,-0.06211,0.0,-0.010341469406185404,-0.009563337693490794,0.15417324704260627,0.9879434227115541
1751541558.4294004,2.28645,-0.05729,0.0,-0.009532855409732643,-0.010082511854682749,0.15658602706373856,0.9875668502693028
1751541558.5259774,2.29945,-0.05274,0.0,-0.009700952635126806,-0.010648198450509896,0.1573524250066907,0.987437452060759
1751541558.625173,2.3135,-0.04847,0.0,-0.008972041852603481,-0.011329150499405305,0.15752182113031835,0.9874097572344245
1751541558.7238622,2.32873,-0.04332,0.0,-0.009512652495892766,-0.011242619566997859,0.15786271935616708,0.9873512418512674
1751541558.8300967,2.34386,-0.03838,0.0,-0.009065095868500135,-0.011262271636533027,0.1581250354574192,0.9873132524361605
1751541558.9267435,2.35799,-0.03349,0.0,-0.009037461870521056,-0.01143458439110501,0.15812291586668845,0.987311864630704
1751541559.0249488,2.37175,-0.02873,0.0,-0.009410720248775536,-0.011316645802071602,0.15803493489394352,0.9873238228794323
1751541559.125457,2.38588,-0.02449,0.0,-0.009297941994434167,-0.0114743578591041,0.15794759646434564,0.9873370468880045
1751541559.2232442,2.40121,-0.01967,0.0,-0.009929669897796535,-0.011397658264713124,0.15785666581189317,0.9873463263214959
1751541559.3297248,2.41606,-0.0151,0.0,-0.010002471337082403,-0.010963370733458754,0.15751765914412358,0.987404649638165
1751541559.4249673,2.42977,-0.01113,0.0,-0.01035550819936323,-0.010403265490748615,0.15769513612450875,0.9873787416993213
1751541559.5294561,2.44368,-0.00666,0.0,-0.011307700393731747,-0.010015029918956917,0.15691774762744118,0.9874961547100113
1751541559.6239011,2.45877,-0.00213,0.0,-0.010726372929623964,-0.00921796183724137,0.15710620553150653,0.9874804374198174
1751541559.7290332,2.47335,0.00236,0.0,-0.011384349051669608,-0.008433542546351112,0.15668226056379872,0.9875474374334666
1751541559.8239462,2.48706,0.00658,0.0,-0.010621696861027747,-0.008225230500498596,0.15677612015760545,0.9875427956738554
1751541559.9238493,2.50117,0.01142,0.0,-0.010934320656017975,-0.007922519876587176,0.15686463559300293,0.987527802348304
1751541560.0235386,2.51506,0.01616,0.0,-0.010664170017716025,-0.007964837243237407,0.15660706457892173,0.987571295739956
1751541560.125629,2.52947,0.02117,0.0,-0.01077702872932292,-0.007807084617629191,0.15669476293076423,0.9875574192681721
1751541560.2253692,2.54388,0.02558,0.0,-0.011110144344570983,-0.007945050840978664,0.15643234609376408,0.9875942294056693
1751541560.3237832,2.55721,0.02959,0.0,-0.010811312111903396,-0.008161699301207186,0.1563448892481892,0.9876096282443317
1751541560.4268768,2.57124,0.0345,0.0,-0.010814160423690022,-0.008157924944188403,0.15600013893536968,0.9876641427363256
1751541560.5235443,2.58642,0.03975,0.0,-0.010434499394897203,-0.00889095384910272,0.15581998694162327,0.9876903380268247
1751541560.6316035,2.60068,0.04427,0.0,-0.010914840242288195,-0.009226345974563812,0.15538088069237646,0.9877512453637831
1751541560.7234955,2.6149,0.04831,0.0,-0.010153214624613277,-0.009553277031622719,0.15581277632946097,0.9876882230052401
1751541560.830563,2.62922,0.05313,0.0,-0.011236349981554688,-0.00998467775687888,0.15545346737091764,0.9877288444363372
1751541560.9242423,2.64381,0.05776,0.0,-0.011109403356864066,-0.010229690255318023,0.1554507526433401,0.9877282005172038
1751541561.0288706,2.65844,0.06224,0.0,-0.01064236485256124,-0.010951161767996459,0.1554437644749762,0.9877267072485811
1751541561.125498,2.6728,0.06657,0.0,-0.011072379274511709,-0.011019952149997056,0.1555251657425776,0.9877084012463176
1751541561.2236514,2.68681,0.07085,0.0,-0.010723704557714826,-0.011577892182405193,0.15508868509292192,0.987774495686804
1751541561.3262627,2.7014,0.07514,0.0,-0.010980274968531755,-0.01162041050447418,0.15525804500636856,0.9877445717806418
1751541561.4238603,2.7158,0.07951,0.0,-0.010740029699802534,-0.012024280733118432,0.1552540148511093,0.9877430127859725
1751541561.5298882,2.72941,0.08388,0.0,-0.01077647554084546,-0.011843433614318413,0.15448062031385087,0.9878660529659821
1751541561.6269891,2.74395,0.08888,0.0,-0.010696738034619496,-0.011972536807666974,0.1517200036392578,0.98829311373373
1751541561.7286088,2.75854,0.09383,0.0,-0.01055028537025764,-0.01192306773035636,0.1495656064276647,0.9886236196391568
1751541561.8256924,2.77263,0.0982,0.0,-0.01097339367898388,-0.0116801399561726,0.14628587189534203,0.9891125328523493
1751541561.930453,2.78698,0.10262,0.0,-0.011120090356181262,-0.012027659069840567,0.14420701284673468,0.989411954877033
1751541562.02757,2.80181,0.10706,0.0,-0.011220508131080349,-0.011559792940194434,0.1410177187943437,0.9898759893898325
1751541562.1375194,2.81592,0.11104,0.0,-0.011245700964211847,-0.011535286098026959,0.13885781051015653,0.9901812863535573
1751541562.2317388,2.83048,0.11506,0.0,-0.011387118812881049,-0.011343827008267063,0.13618005339057068,0.9905537058496572
1751541562.331659,2.84494,0.11883,0.0,-0.01099998896086078,-0.011165378012754561,0.1332465323804506,0.9909589780537228
1751541562.4339037,2.85881,0.12322,0.0,-0.011283720168846783,-0.010626537260726293,0.12944576409398,0.9914653541718556
1751541562.5319629,2.87307,0.12644,0.0,-0.010690944564094598,-0.010534407777862314,0.1282408233788852,0.9916294777668736
1751541562.631976,2.8874,0.13033,0.0,-0.010625554816198262,-0.010577345716929252,0.12521125880025255,0.9920168133716731
1751541562.7317977,2.90201,0.13351,0.0,-0.010263979745247388,-0.010224563850656211,0.12149572891550389,0.992486219989549
1751541562.8304906,2.91585,0.13739,0.0,-0.010019257355183924,-0.010177903331200205,0.1200258814929124,0.9926680273574245
1751541562.931307,2.9303,0.14081,0.0,-0.010181286337117224,-0.009807285071411693,0.11665012685783012,0.9930724578156933
1751541563.0309248,2.94485,0.14421,0.0,-0.010311875189017905,-0.009618976873856204,0.11422452897558143,0.9933548698699235
1751541563.1491003,2.9595,0.14784,0.0,-0.010180650926034977,-0.009401709458842495,0.1118874488913267,0.9936242554338961
1751541563.248484,2.97355,0.15155,0.0,-0.010255331126761724,-0.009806599926175708,0.10815203862252522,0.9940330956880461
1751541563.3489892,2.98843,0.15466,0.0,-0.010356788015039229,-0.009877504823757228,0.105720918549159,0.99429284379482
1751541563.4515846,3.00725,0.15885,0.0,-0.010074469325370284,-0.010259951287792132,0.1033752425037081,0.9945384847780823
1751541563.5490103,3.03085,0.16378,0.0,-0.0102582075904888,-0.010423856087658914,0.10068047715309927,0.9948113157385768
1751541563.64838,3.05216,0.1685,0.0,-0.011027694730308136,-0.010103669284953381,0.09677028657599737,0.9951943616459623
1751541563.750001,3.06965,0.17182,0.0,-0.011044098425506835,-0.010163559065137925,0.09433716852274555,0.9954271588580492
1751541563.8508139,3.08664,0.17472,0.0,-0.010476356354431591,-0.01071125930875251,0.09329252324946687,0.9955260016630924
1751541563.9508097,3.1063,0.17835,0.0,-0.011276080949202648,-0.011001931643690482,0.08945747530782797,0.9958660389882183
1751541564.050638,3.12816,0.18161,0.0,-0.011224570172311328,-0.010878849557551301,0.08693901301691952,0.9960909936709571
1751541564.1487963,3.14844,0.18548,0.0,-0.011018004302929738,-0.01056267226313035,0.08398931978030372,0.9963497516929907
1751541564.248841,3.16664,0.18863,0.0,-0.010821833334337894,-0.011128342928895361,0.0813748225423202,0.9965626855161428
1751541564.350246,3.18496,0.1916,0.0,-0.010437629681252019,-0.010803742283561535,0.07868654765831719,0.9967862169276434
1751541564.4483619,3.20616,0.1952,0.0,-0.010243559650087292,-0.010316086989456002,0.07556259038157222,0.9970350759977042
1751541564.5511074,3.22734,0.19811,0.0,-0.010231572348228865,-0.009670130887847163,0.07261195118740912,0.9972609026932983
1751541564.6515315,3.24654,0.20082,0.0,-0.01018701277428189,-0.009297035481478855,0.07078907965309607,0.9973959575333462
1751541564.7505395,3.26452,0.20374,0.0,-0.010702571540257754,-0.008593380991754045,0.06722420556278806,0.997643480884834
1751541564.852317,3.28464,0.20607,0.0,-0.01067975235189325,-0.00786775269777728,0.06505639703945536,0.9977934187803773
1751541564.9506173,3.30519,0.20917,0.0,-0.010341730215888446,-0.007991242018628253,0.062357639994337494,0.9979682927836325
1751541565.0545888,3.32521,0.21185,0.0,-0.010316062336919027,-0.007263906113022662,0.05992742683396704,0.9981229974501646
1751541565.1515539,3.3446,0.21426,0.0,-0.01054170546555022,-0.006720505613205784,0.056970305835502055,0.9982975966630341
1751541565.2556114,3.36426,0.21635,0.0,-0.010690188052183615,-0.00599032813117226,0.05340541160228956,0.9984977205081041
1751541565.3535926,3.38415,0.21789,0.0,-0.009459680435084607,-0.006341781797367141,0.051404060731064675,0.9986129975070712
1751541565.4557326,3.40468,0.22,0.0,-0.009303037758306326,-0.006306855642272641,0.04861631185875718,0.9987542897437923
1751541565.553631,3.42385,0.22106,0.0,-0.009573538285738623,-0.0064680219326397085,0.04591083395483345,0.9988787250625284
1751541565.6535559,3.44317,0.22269,0.0,-0.009336564256814553,-0.006338720537572104,0.04268790452204996,0.9990247204135347
1751541565.7553868,3.463,0.22441,0.0,-0.00916355554791108,-0.00665762301825331,0.040244430313212766,0.999125663334814
1751541565.8534002,3.48312,0.22619,0.0,-0.008485514637107793,-0.0065216206123697,0.03780839268640157,0.9992276967480448
1751541565.9535413,3.50276,0.22793,0.0,-0.009127710315633218,-0.006251296789314665,0.034318732264544814,0.9993497039618314
1751541566.0558732,3.52156,0.22929,0.0,-0.008585928864911888,-0.007343102122275153,0.03152092005155134,0.9994392389114268
1751541566.1546807,3.54204,0.23033,0.0,-0.008243970338260324,-0.007492874877919052,0.029864786850713355,0.9994918650421759
1751541566.2569761,3.56151,0.23239,0.0,-0.008440578157931847,-0.007642379594919765,0.02628565244233556,0.9995896233705949
1751541566.3536232,3.58135,0.23379,0.0,-0.008901542246085244,-0.00745533432938012,0.023579696260082966,0.9996545295550662
1751541566.4573302,3.60099,0.2347,0.0,-0.00829019133038746,-0.008207988381337308,0.021396497148621275,0.9997030016781016
1751541566.556317,3.62134,0.23635,0.0,-0.00795698212342313,-0.008442130556923675,0.018867147505342918,0.9997546937184936
1751541566.653705,3.64313,0.23726,0.0,-0.008417236374548337,-0.008770011409048036,0.015370534139879414,0.9998079734188737
1751541566.759304,3.68448,0.23907,0.0,-0.008435217023803126,-0.009011175421047594,0.012925230454680756,0.9998402793691531
1751541566.8669195,3.7111,0.23958,0.0,-0.00854760335184038,-0.008988468992377641,0.01013231855441834,0.9998717327851728
1751541566.9604645,3.73488,0.24031,0.0,-0.007957491875791225,-0.00922393558369016,0.007605242248108015,0.9998968734953331
1751541567.067156,3.75796,0.24113,0.0,-0.008077338251669064,-0.009283015868319228,0.004026131261372964,0.9999161827324443
1751541567.1614969,3.78404,0.24117,0.0,-0.007485883348873085,-0.00970054281396451,0.0018470218703367741,0.9999232218174614
1751541567.2695115,3.81057,0.24116,0.0,-0.007075798321019555,-0.009680629545514465,-0.0008538103344045489,0.9999277421382186
1751541567.3617294,3.83503,0.24118,0.0,-0.006750951777870507,-0.009576612445523467,-0.003380392764516793,0.9999256402797754
1751541567.4648175,3.85868,0.24108,0.0,-0.006955875440252101,-0.01016745503920596,-0.006178537208639216,0.9999050276565504
1751541567.560421,3.8832,0.24056,0.0,-0.006816475153297903,-0.010496203269362571,-0.009320336745725832,0.9998782409405451
1751541567.6665208,3.90876,0.24008,0.0,-0.006878494689616377,-0.010631869238577046,-0.014992930647344999,0.999807412303941
1751541567.7630115,3.93505,0.23968,0.0,-0.007357011254343646,-0.01024240993676229,-0.019619183621388776,0.9997279905344858
1751541567.869963,3.96063,0.23884,0.0,-0.00724009908373953,-0.010116432216303536,-0.025461710990462773,0.9995983893734066
1751541567.961524,3.98463,0.23774,0.0,-0.007191770081299077,-0.009912904854802031,-0.029820995758088404,0.999480225403401
1751541568.0673306,4.00829,0.23563,0.0,-0.007341602118960984,-0.009684841840374433,-0.03679760793632247,0.9992488382615305
1751541568.1617317,4.03358,0.23282,0.0,-0.006687414171017244,-0.008871729674916107,-0.044894668334064816,0.9989299473233619
1751541568.2697315,4.05921,0.23002,0.0,-0.006632579542710827,-0.008217606210023603,-0.05212452534064891,0.9985847553887445
1751541568.3615582,4.08359,0.22643,0.0,-0.006312588379979748,-0.007575903405704905,-0.06004669124706453,0.9981468588268021
1751541568.46931,4.10712,0.22247,0.0,-0.006545360023257642,-0.007514814382457155,-0.06779843721999482,0.9976492658933246
1751541568.561455,4.13228,0.21881,0.0,-0.006400880031336309,-0.0070379604902317296,-0.07615025690112952,0.9970509687176752
1751541568.670626,4.1584,0.21529,0.0,-0.00596537603836062,-0.00632586899445658,-0.0844070130657723,0.9963934232096779
1751541568.7637527,4.1828,0.21034,0.0,-0.005898996785070146,-0.005841096779071009,-0.09413883104309899,0.995524466758696
1751541568.8724399,4.20624,0.2054,0.0,-0.005902565006876597,-0.006141970807428363,-0.10343138954418053,0.9946001123958814
1751541568.9636238,4.23024,0.19884,0.0,-0.005841098160124148,-0.006534704982138965,-0.11358165150479492,0.99349000379698
1751541569.066384,4.25474,0.19275,0.0,-0.005882771972646229,-0.006400982761383405,-0.12155379124197536,0.9925467728265043
1751541569.1652,4.2792,0.18631,0.0,-0.006627821179939372,-0.0061627281652907135,-0.13159883027879157,0.9912617417399006
1751541569.2654753,4.30285,0.17912,0.0,-0.006798211009074343,-0.0057428825643001625,-0.1390337340795322,0.9902476581213563
1751541569.3688245,4.32615,0.17057,0.0,-0.007164673438487827,-0.005462930085222243,-0.1471530733155724,0.9890726954391096
1751541569.4706686,4.3501,0.16207,0.0,-0.00588569709397453,-0.005964039431540703,-0.15551368102642923,0.9877981999462172
1751541569.566367,4.37367,0.15474,0.0,-0.005567060388407827,-0.005894846295109026,-0.16214527468817763,0.9867335853826423
1751541569.6762822,4.39624,0.14697,0.0,-0.005627436978183235,-0.005403680960829651,-0.17031894439710848,0.9853581020951646
1751541569.771264,4.41955,0.1392,0.0,-0.005941527381889723,-0.004965099807545852,-0.17616367425285073,0.9843304353264744
1751541569.8715944,4.44251,0.13023,0.0,-0.0061266210980061965,-0.0048121823086511115,-0.18200218205123322,0.983267264350817
1751541569.9756007,4.4654,0.12089,0.0,-0.005979449532495343,-0.004813744683828495,-0.18697575504729066,0.982334536229844
1751541570.0746803,4.48815,0.11191,0.0,-0.006898645802232558,-0.004779974664158986,-0.1929778661705196,0.9811672149519564
1751541570.1713576,4.51042,0.10217,0.0,-0.007503298682121202,-0.004986123605792666,-0.19760355911845676,0.9802406196970177
1751541570.2725112,4.53282,0.09217,0.0,-0.00788092429662546,-0.005869939704548686,-0.2004313269488383,0.9796584700892571
1751541570.3749995,4.55554,0.08245,0.0,-0.0078016308110815166,-0.006219698557847204,-0.20385037232390943,0.9789512120682728
1751541570.474419,4.57848,0.07272,0.0,-0.007895153062311448,-0.00698503543666425,-0.20650091874213722,0.9783896189129996
1751541570.5765247,4.60097,0.06265,0.0,-0.007718633834305207,-0.007719324182516611,-0.20914727938150657,0.9778232203487556
1751541570.6769037,4.62357,0.05222,0.0,-0.007752155305143041,-0.008589565182832565,-0.21162300372874326,0.9772828801073512
1751541570.7786887,4.64616,0.04227,0.0,-0.008036917447118602,-0.009309974147248004,-0.2151217557432838,0.9765097862004521
1751541570.881232,4.66926,0.03158,0.0,-0.008030547720357366,-0.009565508606494782,-0.21742204029178563,0.9759977806039146
1751541570.9770372,4.69201,0.02041,0.0,-0.007629111000094775,-0.009641099648485618,-0.21988713995632445,0.9754478415295941
1751541571.0837507,4.71491,0.00976,0.0,-0.007356465339243005,-0.009766508869469068,-0.22473329998053143,0.9743435952486554
1751541571.1798608,4.73815,-0.0013,0.0,-0.007336608216102766,-0.009481408006136526,-0.22872708514112206,0.9734167646003177
1751541571.280785,4.76096,-0.01316,0.0,-0.007244944640035217,-0.009204946409980472,-0.2343283312170311,0.9720869369186038
1751541571.3789837,4.78328,-0.02452,0.0,-0.007022559354278939,-0.008680746192907157,-0.24212243188282861,0.9701814553395642
1751541571.4798899,4.80503,-0.03642,0.0,-0.007038090266649593,-0.008463703102910206,-0.24872022654748768,0.9685128186665114
1751541571.5762053,4.82634,-0.04796,0.0,-0.006490718849375854,-0.008117235671061073,-0.256820085771935,0.9664033446744555
1751541571.677248,4.8488,-0.06057,0.0,-0.006207254424308015,-0.008064402869193436,-0.2659137502759741,0.9639431066266527
1751541571.776888,4.87033,-0.07415,0.0,-0.005979855717049892,-0.007912346049556129,-0.2745649830337924,0.961517397761085
1751541571.8772442,4.89102,-0.08742,0.0,-0.00580935122394741,-0.00792532634836932,-0.28436569808142964,0.9586655258197666
1751541571.9765942,4.91158,-0.10039,0.0,-0.006074158562328835,-0.00790403108632775,-0.29313929212971346,0.9560177750962776
1751541572.0767608,4.93275,-0.11407,0.0,-0.006038836862580293,-0.007789614399354762,-0.3021356708689396,0.9532139795163687
1751541572.1782937,4.95302,-0.1283,0.0,-0.005964931124830772,-0.008322960704075741,-0.31359006716709137,0.9495032478596024
1751541572.2795453,4.97225,-0.14348,0.0,-0.006020635481811007,-0.007068965859863442,-0.3242614802686119,0.9459219175408061
1751541572.3782926,4.99182,-0.15885,0.0,-0.006570420934919673,-0.00673686500171144,-0.3357971549492592,0.9418873154187128
1751541572.4795156,5.01112,-0.17419,0.0,-0.006370157717797487,-0.006386591309787477,-0.3476868766133069,0.9375673140489569
1751541572.5799363,5.02895,-0.19046,0.0,-0.006488109672122431,-0.006668800145775993,-0.35862608511178473,0.9334349268239822
1751541572.6787956,5.0468,-0.20795,0.0,-0.006218910532366065,-0.006452466434283694,-0.3685416394651238,0.9295680452818199
1751541572.7803888,5.06503,-0.2259,0.0,-0.005708293502370289,-0.006810629439506736,-0.3785740942523084,0.9255283279689352
1751541572.8806674,5.08345,-0.24314,0.0,-0.005566478923511324,-0.006936914878755309,-0.3875195222626332,0.9218185902821117
1751541572.9784672,5.1001,-0.26141,0.0,-0.004966700526524709,-0.007551674805240556,-0.39594287784223714,0.9182306581570466
1751541573.0791826,5.11681,-0.27969,0.0,-0.007014557667154132,-0.008540565676392694,-0.40394870983090275,0.9147148706261478
1751541573.1814194,5.1336,-0.29893,0.0,-0.006197040947793305,-0.00907590504648062,-0.41095165882518797,0.9115908943928219
1751541573.2822723,5.14947,-0.31758,0.0,-0.00633227599211623,-0.009191574255393851,-0.4172259071097685,0.9087342624111289
1751541573.380257,5.16566,-0.33635,0.0,-0.006045696682965841,-0.008831109256538084,-0.4227689238933843,0.9061743199026038
1751541573.4802387,5.1816,-0.35583,0.0,-0.006022522417075348,-0.008637884191345483,-0.42806044252265324,0.9036887593235533
1751541573.5786164,5.19753,-0.375,0.0,-0.005923841151028586,-0.008286399514138159,-0.43357373833416507,0.9010605180097764
1751541573.681106,5.21309,-0.39467,0.0,-0.005950446106525209,-0.00846078375020608,-0.4367151507855273,0.8995403739709741
1751541573.7811143,5.22879,-0.41465,0.0,-0.00536328665294487,-0.007575847975481203,-0.4399324244075301,0.8979829083221148
1751541573.8818402,5.24441,-0.43455,0.0,-0.0048048901468116245,-0.007164964053591373,-0.44290693409026277,0.8965260866564629
1751541573.9817002,5.25904,-0.45409,0.0,-0.004747754635991873,-0.0069948455967615885,-0.44548738465210735,0.895248301353775
1751541574.0815032,5.27381,-0.47362,0.0,-0.004535300332350929,-0.006316349628768902,-0.4483780461993559,0.8938101937574392
1751541574.1859617,5.28858,-0.49325,0.0,-0.005059063789071877,-0.006733064761509155,-0.45048303739470663,0.8927452630689982
1751541574.288185,5.30342,-0.51354,0.0,-0.004874850310478588,-0.005353441581425005,-0.45313505622152334,0.8914124731687355
1751541574.3994663,5.3179,-0.53305,0.0,-0.005114745764679367,-0.00424357282442359,-0.45585978896014523,0.8900267885151876
1751541574.4974911,5.33191,-0.55317,0.0,-0.005433361009801723,-0.003875586536117296,-0.45811255188884653,0.8888691400982638
1751541574.5817676,5.34606,-0.5737,0.0,-0.005407599831186376,-0.0037777514608153115,-0.46144476349065694,0.8871444170511462
1751541574.6820018,5.3599,-0.59423,0.0,-0.005019287457424158,-0.0035818747380429346,-0.4626820496220649,0.8865028470818951
1751541574.7842522,5.37387,-0.61399,0.0,-0.004961279713707494,-0.003996890501365024,-0.465463703318006,0.8850440392790688
1751541574.8843126,5.38779,-0.6337,0.0,-0.004970683384726948,-0.003985189677587118,-0.46754774523166076,0.8839448605533676
1751541574.9811568,5.40124,-0.65421,0.0,-0.003933712952928683,-0.0042330986054519,-0.46985624555787553,0.882724031217491
1751541575.0816934,5.4158,-0.6752,0.0,-0.005645194643110174,-0.00479339935851144,-0.473169370090416,0.8809403511636132
1751541575.1818886,5.42933,-0.6963,0.0,-0.005981617131369217,-0.005199816956684785,-0.4751668622596519,0.8798600088482417
1751541575.2847621,5.44268,-0.71716,0.0,-0.00628261189567122,-0.005523106929636615,-0.4778519832296927,0.8784005385933352
1751541575.3824086,5.45705,-0.73742,0.0,-0.007029097795236636,-0.005688180958266821,-0.48344036763907033,0.8753305931581344
1751541575.4843664,5.47001,-0.75972,0.0,-0.006701197690748611,-0.006656799948063487,-0.4863344452733676,0.8737216881276364
1751541575.5815818,5.48293,-0.78123,0.0,-0.006626075234596832,-0.0056732564349671975,-0.49310939682874266,0.8699235782800706
1751541575.6835253,5.49544,-0.80257,0.0,-0.006141832497342829,-0.006837627048832767,-0.49810336098324354,0.8670689514260743
1751541575.7837982,5.50923,-0.82421,0.0,-0.005573532669868675,-0.00725181483639499,-0.5063225072061188,0.8622956949977578
1751541575.8818054,5.52106,-0.84661,0.0,-0.004972329761445393,-0.0072961014005834945,-0.513150759743505,0.8582530749235678
1751541575.9815302,5.53199,-0.86863,0.0,-0.004604017216462425,-0.0072090458576432445,-0.5209173595194643,0.853564254895062
1751541576.0884652,5.5436,-0.89056,0.0,-0.004180415034718975,-0.006854736007056038,-0.529901589638891,0.8480211330047072
1751541576.1823113,5.55495,-0.91283,0.0,-0.004098217814491588,-0.006390988539247149,-0.5397840751447401,0.8417692748588379
1751541576.28383,5.56462,-0.93566,0.0,-0.004055300798298362,-0.006001996980568056,-0.5498109856628324,0.8352576911421681
1751541576.3813868,5.574,-0.95847,0.0,-0.00333207985306705,-0.0071211192974715174,-0.5593847709834998,0.8288708372813833
1751541576.4828672,5.58431,-0.98188,0.0,-0.0035736490217489827,-0.007292264806123467,-0.5701132999838636,0.8215259442574991
1751541576.5818925,5.59198,-1.00612,0.0,-0.0031448746489211752,-0.0069737420543354465,-0.5800373287815245,0.8145539723708896
1751541576.6840427,5.59959,-1.02928,0.0,-0.0030546182190169524,-0.00684616621431703,-0.5897344255328585,0.8075624475278252
1751541576.785409,5.60705,-1.05237,0.0,-0.0032463090428575137,-0.00607368029164554,-0.5999814980950301,0.7999842334877335
1751541576.8851728,5.61477,-1.07688,0.0,-0.0033118412445531753,-0.006038196937641103,-0.6086028645790982,0.7934450989901123
1751541576.9889576,5.62004,-1.10207,0.0,-0.0024602750745547886,-0.005391561706822306,-0.6177738213690741,0.7863335066878241
1751541577.0886464,5.6255,-1.12611,0.0,-0.001970336101582145,-0.00524409591144823,-0.6258383451548823,0.779932678484186
1751541577.1926079,5.63037,-1.15,0.0,-0.0011547774844159165,-0.004580333043307405,-0.6332996322998574,0.7738922811134888
1751541577.291683,5.6353,-1.17432,0.0,-0.00015522960814997634,-0.004413478037100287,-0.6399621021811821,0.7683937824366013
1751541577.391247,5.63993,-1.19925,0.0,0.00031151969527095074,-0.004494198102246057,-0.6461096810573747,0.763231278959946
1751541577.4933732,5.64398,-1.22327,0.0,0.0009573094162821738,-0.004507227851024347,-0.6521498787425696,0.7580760543057882
1751541577.594946,5.64651,-1.24707,0.0,0.0008970536423977568,-0.004145207671162965,-0.6580859079013264,0.7529309067702112
1751541577.697502,5.64981,-1.27144,0.0,0.0008557551844661344,-0.004029229435555413,-0.6642407457669542,0.7475073676266879
1751541577.7913163,5.65343,-1.29574,0.0,0.0003038313769146081,-0.004618398067553486,-0.6691154822050003,0.743144030157919
1751541577.8945258,5.65634,-1.32096,0.0,0.000887054118766332,-0.004343768897787531,-0.6725470313866075,0.7400411038447896
1751541577.994733,5.65829,-1.34636,0.0,0.0004138034352774611,-0.0038113533547145025,-0.675515527428477,0.7373357949776674
1751541578.0940669,5.65979,-1.37015,0.0,0.0001482605336477771,-0.0036994158236307367,-0.6782141156126751,0.7348550236101645
1751541578.2015166,5.66166,-1.39352,0.0,-0.0002769023666344924,-0.004147596101060718,-0.6801332481940497,0.733076725501958
1751541578.301221,5.6635,-1.41799,0.0,-0.0005834722876448127,-0.004588969795739909,-0.6824302694298324,0.730936063060395
1751541578.3968234,5.66474,-1.44372,0.0,-0.0007694562215855945,-0.004901863228029752,-0.6841485493498772,0.7293258134033618
1751541578.4969988,5.66581,-1.4692,0.0,-0.0011515101619668491,-0.004910887493424611,-0.6859286015211363,0.7276513662624651
1751541578.5990403,5.66684,-1.49274,0.0,-0.0018391730824700299,-0.004744427304608187,-0.6865011824822898,0.7271108817108585
1751541578.7101154,5.66828,-1.51759,0.0,-0.002809140171392376,-0.005510721228941014,-0.6870668418121543,0.7265678877884064
1751541578.802176,5.66956,-1.54361,0.0,-0.003352737809578673,-0.00595769984977567,-0.6871268673541884,0.7265052877451753
1751541578.9015207,5.6711,-1.56892,0.0,-0.0036078325914855364,-0.0057169026349600475,-0.6873190798934257,0.7263241583361445
1751541579.0026078,5.67204,-1.59271,0.0,-0.003905630828191707,-0.006035179263351303,-0.6870630343589972,0.7265622543708836
1751541579.1049788,5.67266,-1.61721,0.0,-0.003921881875491846,-0.006247399931451617,-0.682355244877144,0.7309835214458011
1751541579.2027647,5.67367,-1.64309,0.0,-0.00385682175631461,-0.005928727003497185,-0.6726670384715547,0.7399115017865082
1751541579.3040726,5.67631,-1.66897,0.0,-0.004273164100869541,-0.005421169975824163,-0.6579494021846412,0.7530305008095842
1751541579.4020517,5.68006,-1.69323,0.0,-0.004190867688488708,-0.005141045930470674,-0.6419704919559551,0.7667006545794697
1751541579.5015543,5.68426,-1.71716,0.0,-0.003997602178196082,-0.0052948792585727055,-0.623319216698013,0.7819393438914796
1751541579.6087003,5.69044,-1.74171,0.0,-0.004690674786669639,-0.005313731120958793,-0.60458687570493,0.7965076720013257
1751541579.7036812,5.6979,-1.76561,0.0,-0.004272409286179752,-0.005633916729264738,-0.5843776958660928,0.8114509930213996
1751541579.8031,5.70697,-1.78912,0.0,-0.004514582900312147,-0.005370649575979789,-0.5640927770732643,0.8256816054134553
1751541579.901541,5.71648,-1.81172,0.0,-0.004302887859127214,-0.005220458600897582,-0.542140283528218,0.840260760088207
1751541580.0019476,5.72661,-1.83425,0.0,-0.004814882653769028,-0.005244450453928184,-0.5186938389721883,0.8549304147454108
1751541580.1025183,5.73949,-1.85574,0.0,-0.004977980736523134,-0.005899928561067123,-0.49598361943376273,0.8682975640897225
1751541580.2022145,5.75338,-1.87633,0.0,-0.0054578451215056886,-0.005594080226634872,-0.4707809915487491,0.8822154930567839
1751541580.3022823,5.76776,-1.89581,0.0,-0.005542178419693327,-0.005619321919302181,-0.4472933177884899,0.8943525006066102
1751541580.4061882,5.78302,-1.91547,0.0,-0.005336735123024286,-0.005891551934575613,-0.421513586304684,0.9067872437537885
1751541580.5012896,5.80019,-1.93455,0.0,-0.0059909486301467415,-0.006155637458413492,-0.3970756565182157,0.9177456835434419
1751541580.6035736,5.81869,-1.95247,0.0,-0.006187686649105987,-0.006549034321893571,-0.3710544472382103,0.928567401898284
1751541580.7099242,5.83773,-1.96893,0.0,-0.006979723700104783,-0.006364076073616208,-0.34417032387769103,0.9388597180381766
1751541580.8011572,5.85728,-1.98405,0.0,-0.007476039376004696,-0.006432355049693131,-0.3159227273865179,0.9487336633452126
1751541580.9036634,5.87748,-1.99933,0.0,-0.007802562997374938,-0.006857384302437392,-0.2879764345808233,0.9575811555253776
1751541581.0060787,5.89886,-2.01276,0.0,-0.008341523451908122,-0.007153172057696036,-0.2599532919825647,0.9655586658010178
1751541581.1014967,5.92137,-2.02498,0.0,-0.008527048925784418,-0.007569991225510608,-0.23136784416517378,0.9727995196112212
1751541581.2065217,5.9448,-2.03695,0.0,-0.00910000767576511,-0.007940871956416988,-0.19984986155822154,0.9797520937706805
1751541581.301205,5.9684,-2.04631,0.0,-0.009462139868522058,-0.008206400979813644,-0.16889601790569958,0.9855542897413945
1751541581.4015183,5.99217,-2.05314,0.0,-0.010031453313127544,-0.008830433703340376,-0.13717404248038506,0.9904568014076267
1751541581.5069568,6.01631,-2.05803,0.0,-0.010403043697578716,-0.009799653935922312,-0.10322971206316962,0.9945548602324146
1751541581.6037762,6.04118,-2.06234,0.0,-0.011192627078464693,-0.009978356238885834,-0.06968666867726736,0.9974562274679111
1751541581.7147439,6.06672,-2.0663,0.0,-0.011381751183829274,-0.010864897109566582,-0.03510607855284827,0.9992597124869136
1751541581.8069205,6.09212,-2.06729,0.0,-0.012019700393619239,-0.00980027651463705,0.002150954040192587,0.9998774198767573
1751541581.90351,6.11763,-2.06537,0.0,-0.01204694861953534,-0.009195099014123614,0.0382753448372336,0.9991523002829296
1751541582.008493,6.14249,-2.06329,0.0,-0.012723785322135965,-0.008833243528829422,0.07495217698733017,0.9970668233677702
1751541582.1043644,6.16748,-2.0579,0.0,-0.013178969918909923,-0.008510007149053613,0.11187800481020395,0.9935981111948066
1751541582.20399,6.19241,-2.0522,0.0,-0.01355001737830629,-0.008478463550497934,0.14856108626028033,0.9887740471584173
1751541582.3033385,6.21501,-2.04367,0.0,-0.015122055976400324,-0.0084064449386731,0.18289165230241033,0.9829808231215061
1751541582.4033158,6.23721,-2.0333,0.0,-0.014868008960753456,-0.008687846330568022,0.2180270653240577,0.975790788244006
1751541582.5061853,6.26998,-2.01423,0.0,-0.012654863574937681,-0.0088854855124849,0.25187893581055076,0.9676352123967232
1751541582.6072,6.29183,-1.99973,0.0,-0.012017289980733351,-0.00857640689487088,0.2846730356805722,0.9585109768503959
1751541582.7412567,6.31112,-1.98482,0.0,-0.012083905845314546,-0.010102479056278035,0.31635761123905093,0.9485092413611796
1751541582.8096967,6.32988,-1.96881,0.0,-0.012804899567587142,-0.010408833282559407,0.34664674505323784,0.9378505877168045
1751541582.912005,6.34736,-1.95066,0.0,-0.013382204699859181,-0.011099949154480522,0.37689527089132285,0.9260926856993825
1751541583.0079541,6.36418,-1.93123,0.0,-0.014159636208937884,-0.011748326454317896,0.4065872962931583,0.913426653881401
1751541583.1118433,6.38005,-1.91221,0.0,-0.014239955921504,-0.01183859285435333,0.435634255792332,0.8999332567223213
1751541583.2078476,6.39458,-1.89234,0.0,-0.015295282165747234,-0.012356624166881188,0.4643003026198864,0.8854595401088355
1751541583.3102746,6.40777,-1.87081,0.0,-0.014867749684002762,-0.01252763336791661,0.49249878133990793,0.8700959480426503
1751541583.4067428,6.41869,-1.8474,0.0,-0.015014266358313436,-0.01292488910046289,0.52003404722745,0.8539157503944409
1751541583.5083864,6.42883,-1.82475,0.0,-0.014743136443654816,-0.012368655119885911,0.5477905364470751,0.8363941561712126
1751541583.6063266,6.43606,-1.80134,0.0,-0.01479777466108654,-0.012635423150683925,0.574724560402325,0.818115549062134
1751541583.7059014,6.44311,-1.77745,0.0,-0.01449362864848184,-0.012238512668445875,0.5981997258322147,0.8011224884813354
1751541583.8063815,6.44995,-1.75272,0.0,-0.014501846333486099,-0.01218732089507455,0.6218487559775954,0.7829082260082836
1751541583.9057655,6.45497,-1.72842,0.0,-0.01386322444213511,-0.011715332965025107,0.6453513598153083,0.7636702065460705
1751541584.0067098,6.45689,-1.70359,0.0,-0.0139690546559036,-0.011478687343500747,0.6677339503898819,0.7441804060478973
1751541584.105769,6.45736,-1.67867,0.0,-0.013866066546186061,-0.011504680265673181,0.6891443039938486,0.7244000985666386
1751541584.214798,6.45654,-1.65323,0.0,-0.0136652795450097,-0.011392946650875152,0.7090486318135135,0.7049351024207489
1751541584.3061404,6.45502,-1.62915,0.0,-0.01352314228531991,-0.010871582445681979,0.7264931185432426,0.6869546433551287
1751541584.4066842,6.45219,-1.60484,0.0,-0.014024500674652565,-0.010851886054215927,0.742305244466763,0.6698271971090995
1751541584.5060983,6.44877,-1.58039,0.0,-0.013410016880634984,-0.010104546154322276,0.7580657330293339,0.6519619728181814
1751541584.606495,6.44447,-1.55567,0.0,-0.013639876731997555,-0.01013771764562564,0.7724987486613383,0.6347888339915407
1751541584.7059426,6.43883,-1.53116,0.0,-0.013608964928950687,-0.00928687394665056,0.7866610317094763,0.617165270600707
1751541584.806397,6.43203,-1.50795,0.0,-0.013467661636453233,-0.00866479430939376,0.8003129154392651,0.5993686518418574
1751541584.905873,6.42391,-1.48437,0.0,-0.013206209746640368,-0.008674421185144152,0.8123871915247801,0.5829042815829291
1751541585.006964,6.41537,-1.46112,0.0,-0.012194120045034673,-0.009403349876695048,0.8236225914640893,0.5669291907085059
1751541585.1058085,6.40476,-1.4378,0.0,-0.012242178196706512,-0.008138739781279103,0.8355681587690753,0.549190078241614
1751541585.206624,6.39348,-1.41488,0.0,-0.011468843806106774,-0.007730078841743643,0.8461033886783202,0.5328393446151616
1751541585.3060904,6.38096,-1.3935,0.0,-0.010529013959979565,-0.007810604521818457,0.8559090303336669,0.516960217149556
1751541585.4065738,6.36838,-1.37142,0.0,-0.010442933404840819,-0.00755895101730962,0.8647601949158554,0.5020195341722388
1751541585.505735,6.35428,-1.34988,0.0,-0.01069586997629421,-0.007727175891852623,0.8736012979741842,0.4864634223618536
1751541585.6121361,6.34091,-1.32938,0.0,-0.010913855118288417,-0.008221911633085544,0.8822424471047607,0.4705970170561627
1751541585.7142375,6.32736,-1.30952,0.0,-0.012109842393427292,-0.009288236022290298,0.8899912062042225,0.45572221063708745
1751541585.8143582,6.31124,-1.28896,0.0,-0.010230819538205076,-0.00859361105436721,0.8980916115547035,0.4396054338104779
1751541585.91204,6.29395,-1.26958,0.0,-0.010676943348394474,-0.008581572415186036,0.9052560277242736,0.42464559783952494
1751541586.0119033,6.27686,-1.25195,0.0,-0.010845553109863557,-0.008126906272016968,0.9114950867082329,0.41108762360224144
1751541586.1108866,6.26163,-1.23247,0.0,-0.010618323407309574,-0.008048557034916169,0.91756467382544,0.3973632359507949
1751541586.2118707,6.24351,-1.21498,0.0,-0.010776830808175644,-0.006873132185908539,0.9239669200917863,0.38225874816383965
1751541586.314303,6.22359,-1.19821,0.0,-0.010467535882524808,-0.007202571664337232,0.9292785797756999,0.3691610418557541
1751541586.41383,6.20454,-1.1815,0.0,-0.010766073539302073,-0.007203835924528161,0.934713402750713,0.35516623027351857
1751541586.5136323,6.18652,-1.16526,0.0,-0.0109499377938069,-0.00704326793382566,0.9387425168676877,0.3443733123574517
1751541586.611989,6.16816,-1.14986,0.0,-0.011091813715925079,-0.00670502402865213,0.9420936958029172,0.3350992131439089
1751541586.7122777,6.14679,-1.13535,0.0,-0.011289010295697031,-0.005990323566844653,0.9455530578132336,0.325216987763788
1751541586.8234186,6.12634,-1.12075,0.0,-0.011319589587411272,-0.006059948729663939,0.9483269412482285,0.3170349451018694
1751541586.9129732,6.10687,-1.10595,0.0,-0.011244618036950066,-0.0055216538915337605,0.9510061240914643,0.30891814748252594
1751541587.0122614,6.08808,-1.09121,0.0,-0.01048559074808755,-0.005380769659301149,0.9534877793095987,0.3012011859402071
1751541587.116236,6.0665,-1.07769,0.0,-0.01005670002220813,-0.005401334152305525,0.9559036793302407,0.2934584199114874
1751541587.2117589,6.04488,-1.0639,0.0,-0.01011594576550551,-0.004901792821476011,0.9581303287653421,0.28611171449002565
1751541587.3108852,6.02384,-1.05016,0.0,-0.010121669182866059,-0.0041247411157846366,0.9595436225547617,0.2813477825364286
1751541587.412635,6.0034,-1.03745,0.0,-0.010026221669859031,-0.003929591026089797,0.9611010531354368,0.27598695413977226
1751541587.5107992,5.98173,-1.025,0.0,-0.009535375192524375,-0.0045684312321503575,0.9625584416878779,0.27086796117558626
1751541587.6127286,5.96024,-1.01217,0.0,-0.009747891011502818,-0.0048267984496100464,0.964030803829715,0.26556786308773983
1751541587.7140074,5.93899,-0.99903,0.0,-0.010045187911758006,-0.0050587754639468295,0.9653142159456582,0.26084855277314073
1751541587.829374,5.91767,-0.98679,0.0,-0.010776883090455349,-0.005522914391393182,0.9661217950888787,0.2578023143063742
1751541587.9118993,5.89566,-0.97391,0.0,-0.010536820370696906,-0.004951574857286404,0.9660355224282684,0.2581469092002667
1751541588.0128057,5.87331,-0.96222,0.0,-0.009874076464656155,-0.003981218938059111,0.9641478925131332,0.2651518317346147
1751541588.1111042,5.85143,-0.95039,0.0,-0.009640312099512719,-0.0032271362232102452,0.9612253199843782,0.27557673014126344
1751541588.2210376,5.83127,-0.93703,0.0,-0.00967494044633277,-0.0031217868183271696,0.9581621156980611,0.2860454684406593
1751541588.3139122,5.8107,-0.92126,0.0,-0.009924678060384134,-0.003396484119150286,0.9546719596618993,0.2974750646631327
1751541588.413285,5.7898,-0.90588,0.0,-0.00985066587792494,-0.003502661999204991,0.9512094054046853,0.3083688745809891
1751541588.5107996,5.76999,-0.89136,0.0,-0.009703355198011257,-0.0039029148129140906,0.9472317296134329,0.32037893589842703
1751541588.6195972,5.75021,-0.876,0.0,-0.010029735490556994,-0.004058008195794539,0.9433315469383453,0.33167533753111755
1751541588.7280598,5.73197,-0.85912,0.0,-0.010151384916087637,-0.004656979634735103,0.9394163926371825,0.34259612252550353
1751541588.811654,5.71316,-0.84232,0.0,-0.010623257713390186,-0.005112541074420379,0.9347853517567408,0.3550174002219382
1751541588.9230566,5.69484,-0.82545,0.0,-0.011216957597617136,-0.005151119389104623,0.930502426789687,0.3660776960834897
1751541589.0231807,5.67657,-0.80905,0.0,-0.011948781523832566,-0.005336500788919143,0.9234654677088253,0.38345831367796185
1751541589.1231167,5.6594,-0.79062,0.0,-0.012357384777214344,-0.0053261870081108475,0.9186748172188225,0.39478539357654224
1751541589.223483,5.64333,-0.77172,0.0,-0.012728857679971034,-0.0052346412364460675,0.9139935011710989,0.40549531998567556
1751541589.3230758,5.62719,-0.75267,0.0,-0.012526295366951535,-0.0049080542593263905,0.9087915633159884,0.4170334487465596
1751541589.4292078,5.61083,-0.73404,0.0,-0.012846371205236125,-0.005307769812497219,0.9036631239443271,0.42801840702200494
1751541589.5226834,5.59459,-0.71534,0.0,-0.013019645610955345,-0.005780409596736341,0.898517074997191,0.4387073530630086
1751541589.626201,5.5801,-0.69493,0.0,-0.01307566604946324,-0.006043142364145448,0.8941848789505522,0.44746609887668143
1751541589.7291574,5.56617,-0.67385,0.0,-0.01290316866757877,-0.006229651078709276,0.8897686459663259,0.4561868655945989
1751541589.826183,5.55242,-0.65353,0.0,-0.012301926054930128,-0.006558619107359596,0.885754836808585,0.46394397959337763
1751541589.925639,5.53861,-0.63343,0.0,-0.011031786263593805,-0.006570612465525349,0.8818829322466686,0.4712935609104797
1751541590.0266159,5.52468,-0.61322,0.0,-0.011163611367157577,-0.0064352065133090434,0.8778619052364527,0.47874046960017835
1751541590.1256323,5.51119,-0.59079,0.0,-0.010171202184425816,-0.006147041144204737,0.8754322289910181,0.4831947567752702
1751541590.2259486,5.49788,-0.56959,0.0,-0.009604594710740103,-0.006626711540897385,0.8727612179840217,0.4880078839912765
1751541590.3266518,5.48494,-0.5492,0.0,-0.009024641074379,-0.007421859527371986,0.8698027135761974,0.4932613012492647
1751541590.42624,5.47248,-0.52817,0.0,-0.008923908160211555,-0.008360525205995244,0.8672439722656214,0.4977332197577071
1751541590.5265315,5.45961,-0.50582,0.0,-0.009429856464321179,-0.008749242823166508,0.8643581560180258,0.5027121509195911
1751541590.6331255,5.4475,-0.48373,0.0,-0.010005638283794404,-0.00930809367743787,0.8627239295372136,0.5054905221648518
1751541590.734309,5.4351,-0.46178,0.0,-0.010713453964976031,-0.009589283049282697,0.8615261458528813,0.5075095738669576
1751541590.831239,5.42324,-0.44018,0.0,-0.011816064624818542,-0.010045415052925919,0.8608094776666477,0.5086909802743408
1751541590.9310138,5.41152,-0.41755,0.0,-0.010912356481047176,-0.008351215850410872,0.8609605101372597,0.5084861626967245
1751541591.031214,5.39935,-0.39498,0.0,-0.011010194010990865,-0.007984980661821524,0.8606079388771978,0.5090864280779955
1751541591.1368055,5.38807,-0.37367,0.0,-0.011261348724644963,-0.006011998662702515,0.8606642976956003,0.5090127744655537
1751541591.2341573,5.37621,-0.35218,0.0,-0.011172640076658334,-0.006364762358767971,0.8603960337013772,0.509463764270603
1751541591.3332844,5.36339,-0.32984,0.0,-0.011426968351414239,-0.007122474191248224,0.8600792795283518,0.50998267390342
1751541591.4341426,5.35132,-0.30764,0.0,-0.012101043138899932,-0.007228548125612193,0.8599874716438417,0.5101204381933534
1751541591.5325074,5.33971,-0.28673,0.0,-0.012580550866161054,-0.007348428333195013,0.8598960514114482,0.5102612185027741
1751541591.6339586,5.32798,-0.26555,0.0,-0.012755994224053688,-0.0076530413739791395,0.8600714947693409,0.50995660546199
1751541591.7339299,5.3162,-0.24355,0.0,-0.01286093283385892,-0.007490076183540358,0.860116741464986,0.5098800704254506
1751541591.8394265,5.30424,-0.22183,0.0,-0.013400869486037942,-0.0073719669356046135,0.8600710622475054,0.5099449369147281
1751541591.93272,5.2927,-0.20013,0.0,-0.013223482027353673,-0.0072906180574085315,0.8610054215042152,0.5083715674108477
1751541592.033953,5.28143,-0.17809,0.0,-0.013638467379818775,-0.0073730516900764615,0.8622872461902992,0.5061821168056566
1751541592.1377792,5.26877,-0.15679,0.0,-0.01390372821156102,-0.007543200882046048,0.8634755142197027,0.5041426611637743
1751541592.2374299,5.25628,-0.13476,0.0,-0.01415301881230378,-0.008021264765825258,0.8643938719972628,0.5025520723503532
1751541592.335908,5.24476,-0.11256,0.0,-0.013450880796134825,-0.008172618878754805,0.867015444046339,0.498032631352204
1751541592.436086,5.23166,-0.09112,0.0,-0.01281529567487456,-0.008075542815432036,0.8694854487244118,0.493726248301131
1751541592.5355465,5.21853,-0.0692,0.0,-0.01336877304497273,-0.008095962730972508,0.8713727623526216,0.4903725525808845
1751541592.6383746,5.20575,-0.04664,0.0,-0.013619698787429878,-0.008224451893727482,0.8751113349992059,0.48366001855838225
1751541592.7362146,5.19197,-0.02625,0.0,-0.01400759818580972,-0.007887631765584664,0.878925543854889,0.4766880120346884
1751541592.835766,5.17852,-0.00639,0.0,-0.013921226559801915,-0.007429225336351142,0.8832192442066726,0.4686947543177397
1751541592.9358728,5.16434,0.01309,0.0,-0.013657064589287938,-0.007760511807180959,0.8876773956288363,0.46019789257764004
1751541593.035942,5.1497,0.03272,0.0,-0.013431376464736322,-0.00776444304225019,0.8917005182382641,0.4523599201124229
1751541593.1429334,5.13542,0.05314,0.0,-0.012341535288202672,-0.0074242859034065675,0.8961257320267983,0.443566498830772
1751541593.2486463,5.12181,0.07393,0.0,-0.012085451580632518,-0.005247003707752236,0.9020927339141975,0.4313410602196268
1751541593.3476868,5.10531,0.09269,0.0,-0.011534254259750153,-0.005113954763770335,0.9061583242104325,0.4227503990648457
1751541593.4463134,5.08786,0.1127,0.0,-0.010759260010988085,-0.005211431791784793,0.9121552902355661,0.4096703623621871
1751541593.5466726,5.06997,0.1307,0.0,-0.009165433187617238,-0.005839002848888001,0.9184138624067185,0.39547171608016063
1751541593.6465883,5.0517,0.14709,0.0,-0.00873188113098126,-0.006012517282626604,0.923546438630475,0.38334003127876803
1751541593.7502851,5.03402,0.16422,0.0,-0.008946759114121896,-0.006210673692253383,0.9292911022388853,0.3691875273262624
1751541593.846882,5.01665,0.1819,0.0,-0.008525485083159758,-0.005718980101054233,0.9345770092539577,0.3556127432258698
1751541593.946894,4.99598,0.19897,0.0,-0.009049049211714805,-0.005709352322099176,0.9394188231390882,0.342604426031534
1751541594.0457141,4.97494,0.21448,0.0,-0.009601639829510785,-0.005800276676263396,0.9441649974983756,0.3292819806821433
1751541594.1457062,4.95522,0.22854,0.0,-0.010285976654565756,-0.006054953011192861,0.9489957959184249,0.31506271686356213
1751541594.2457373,4.93629,0.24267,0.0,-0.0104113986309022,-0.005658469242105988,0.9527749353742605,0.3034460529104938
1751541594.3462489,4.91586,0.25729,0.0,-0.010433631874799862,-0.00521897226125604,0.9567174881003124,0.29078436962372256
1751541594.4480848,4.8945,0.27158,0.0,-0.011404291586319733,-0.005125517623090605,0.9598987047257335,0.2800681129089296
1751541594.545906,4.87243,0.28493,0.0,-0.011209434440740858,-0.0044962391668956405,0.9635323299052578,0.26731925041084925
1751541594.6469867,4.85061,0.29597,0.0,-0.011533645219763798,-0.004717363452549927,0.9668342094077595,0.25510063314087233
1751541594.7545803,4.8296,0.30803,0.0,-0.011257540628716641,-0.004609181582846209,0.9690691593086458,0.24648932573432802
1751541594.8461497,4.80798,0.31947,0.0,-0.010896487711123847,-0.004388780660549565,0.9702657389723685,0.24175690462999952
1751541594.9520814,4.78519,0.33105,0.0,-0.01043309316990179,-0.004454303243762229,0.9712942478884866,0.23761059271055168
1751541595.0489566,4.76246,0.34281,0.0,-0.010386560072558103,-0.004651824321633977,0.9714597224986207,0.23693139822160061
1751541595.1460624,4.74086,0.35441,0.0,-0.009680734854346064,-0.005101628067714879,0.9716906760450539,0.23600315008669867
1751541595.2458174,4.71981,0.36568,0.0,-0.009131814752641933,-0.004344055564723224,0.9719025476410498,0.2351662752807279
1751541595.3459272,4.69782,0.37725,0.0,-0.008280964483419728,-0.004909149910930681,0.9719063345512363,0.23517100742556776
1751541595.44787,4.67548,0.38953,0.0,-0.007643047494844157,-0.005243689063862832,0.9719292909658941,0.23509049515564728
1751541595.5491295,4.65288,0.40143,0.0,-0.007283938562541741,-0.005596304696418788,0.9717858948207171,0.23568580831322922
1751541595.6508186,4.63059,0.413,0.0,-0.007404144705365067,-0.006109007449046152,0.9719061009635404,0.2351731055606019
1751541595.753903,4.6081,0.42496,0.0,-0.007140003910684826,-0.006181821036703949,0.9722752737168989,0.23364844863930664
1751541595.8507037,4.58504,0.43645,0.0,-0.006908761528400578,-0.006786974441526303,0.9727602593470307,0.23161106153888894
1751541595.9594119,4.56244,0.44746,0.0,-0.006913964821222607,-0.006886964071466027,0.9732626436051997,0.22948767587595517
1751541596.0515602,4.54039,0.45867,0.0,-0.007099343963066466,-0.007041586718335096,0.9740559985429024,0.22608610544297403
1751541596.1525023,4.51732,0.4694,0.0,-0.007171464311124679,-0.007035003496806053,0.9744683964365409,0.22429985102944444
1751541596.2507863,4.49439,0.48106,0.0,-0.008014104975770776,-0.0062573381779996926,0.9759154256447383,0.21791214245427634
1751541596.3529165,4.4721,0.4918,0.0,-0.008252270412685135,-0.006333061782173761,0.977152517821775,0.21228459500412272
1751541596.4524941,4.44935,0.50258,0.0,-0.008071333557251686,-0.0062573980371949025,0.9791113618891372,0.2030680663324754
1751541596.5599964,4.42704,0.51202,0.0,-0.00839574666355139,-0.006764600197439536,0.9802427297881837,0.19750428430679698
1751541596.653271,4.40357,0.52111,0.0,-0.008740128096652732,-0.007120475662695928,0.982056296975333,0.18825073322111535
1751541596.7603548,4.37998,0.5305,0.0,-0.008976374372971673,-0.0068730595710445016,0.983598731488566,0.18001589143554142
1751541596.850739,4.35681,0.53979,0.0,-0.00904667338219149,-0.00622952307424561,0.9853438651340376,0.17022578590125179
1751541596.9618976,4.33348,0.54785,0.0,-0.008993957777287738,-0.00577664913219655,0.9867803080328788,0.16171073782170647
1751541597.05358,4.30989,0.55526,0.0,-0.008997270399678648,-0.005677719520961832,0.98830082515805,0.15214562635289167
1751541597.1529002,4.28561,0.56243,0.0,-0.008858002642423776,-0.005773190900352205,0.9896665091953758,0.14299792527534747
1751541597.2511277,4.26159,0.5688,0.0,-0.00842131037545364,-0.005645147275759906,0.9909974458415854,0.13349635268144552
1751541597.355779,4.2368,0.57398,0.0,-0.008002648827589404,-0.005590272613259943,0.9921497137116094,0.12467418355787689
1751541597.4511836,4.21295,0.58016,0.0,-0.0069720917544505686,-0.005607739048581308,0.9933676462030446,0.11463272951628227
1751541597.555506,4.18956,0.58623,0.0,-0.006557132180715807,-0.004746787697217846,0.9944195232121836,0.10518689974790499
1751541597.653118,4.16473,0.59033,0.0,-0.006417294240387204,-0.004729319948308204,0.9953592323059055,0.09589812579428861
1751541597.7572677,4.13952,0.59434,0.0,-0.006341850341461862,-0.004442397773178048,0.996227987956962,0.08642824797191263
1751541597.8512383,4.1148,0.59854,0.0,-0.005856938119386526,-0.004353935887976829,0.9968996957774073,0.07834370476982806
1751541597.9523437,4.09096,0.60237,0.0,-0.0058480737250807095,-0.0035231731035775607,0.9974872542760165,0.07051641540720807
1751541598.053888,4.06686,0.60532,0.0,-0.006253759119568649,-0.0021470342921113186,0.9980548768162364,0.06198986694573773
1751541598.1555088,4.0415,0.60818,0.0,-0.006519297600437829,-0.002424544969531225,0.9983486840584952,0.057022148145775636
1751541598.251088,4.01621,0.61114,0.0,-0.0071418555760517635,-0.0029542293267120095,0.9986596224419924,0.05117836390539505
1751541598.3538554,3.99095,0.61379,0.0,-0.007367532479591396,-0.00254432683078335,0.9989172922140919,0.04586381124379864
1751541598.4514353,3.9667,0.61525,0.0,-0.007780316028286761,-0.0022007425700176376,0.9990578027067568,0.04263953875673895
1751541598.5516636,3.94268,0.61744,0.0,-0.00821685712227598,-0.0023801609489341458,0.9991726534193943,0.03975961206722594
1751541598.651182,3.91813,0.61972,0.0,-0.00826471692171722,-0.0015299948574958545,0.9992904442562084,0.03671459639121092
1751541598.7554126,3.89282,0.62139,0.0,-0.008616678359984734,-0.0017081229921155705,0.9993559064009803,0.034793785527877145
1751541598.8505542,3.86772,0.62349,0.0,-0.008959694481346944,-0.0017264688827420078,0.9994655126421691,0.031391594717762684
1751541598.9568877,3.84344,0.62482,0.0,-0.009040582894322935,-0.001656233985649821,0.9995309930954146,0.029211617408318954
1751541599.0513074,3.81921,0.62661,0.0,-0.008251126742472574,-0.0017008105209353097,0.9996107519762469,0.02659644120054018
1751541599.1571608,3.7941,0.62784,0.0,-0.007635066243243857,-0.001741071098026322,0.9996941696087337,0.02345723097889752
1751541599.2509992,3.76907,0.62884,0.0,-0.007192778918685753,-0.0019634869194848762,0.9998061614702111,0.018222188033999217
1751541599.351021,3.74447,0.62937,0.0,-0.006923403504622931,-0.0020863487434490315,0.9998790118580655,0.01377226483085811
1751541599.4508333,3.71984,0.63036,0.0,-0.00638715709765698,-0.0019530908765142815,0.999941976928491,0.008451771209599614
1751541599.5559509,3.69481,0.63057,0.0,-0.00628905076191053,-0.0013693556504724767,0.9999701814861791,0.004267182221905347
1751541599.6543024,3.66972,0.63056,0.0,0.006194421421606753,0.0008829197133545426,-0.9999790410679008,0.0016634364889246678
1751541599.7517633,3.64495,0.63094,0.0,0.006802596128610133,0.0007373076248064137,-0.9999599768926435,0.005764171774089289
1751541599.8505645,3.62029,0.6311,0.0,0.00715328117449084,0.0002575680653323301,-0.999907015051803,0.011607130451736968
1751541599.957532,3.59613,0.62954,0.0,0.007495131768532953,0.0006479413660687001,-0.9998341844549616,0.016583327984467634
1751541600.0540612,3.57183,0.62819,0.0,0.007844382840796195,0.0005829059997755689,-0.9997946306814925,0.018676786096659913
1751541600.1529434,3.54627,0.62716,0.0,0.008373537877076905,0.00027145791108088084,-0.999723101317979,0.021989335260201144
1751541600.252879,3.52177,0.62651,0.0,0.008558055964022445,-0.0001355237166910895,-0.9996520159725844,0.02495171884634027
1751541600.357062,3.49758,0.62429,0.0,0.008301399040052832,-0.0002976956964870287,-0.9995949938510534,0.027218494064926362
1751541600.4540963,3.47227,0.62286,0.0,0.00811989858243518,-1.5244694582270367e-05,-0.9995060182655222,0.030360936507490017
1751541600.5531576,3.44681,0.62149,0.0,0.007320718074987322,0.0004136371911496661,-0.9994405291506148,0.03263226443690675
1751541600.652619,3.42226,0.61957,0.0,0.006781191349818053,0.0008486221686557874,-0.9993642938413346,0.034990048289515234
1751541600.7660172,3.39787,0.61774,0.0,0.005460677927554641,0.0010806724023240137,-0.9992639066498716,0.03795600098228116
1751541600.8530037,3.37335,0.61573,0.0,0.004494400530093213,0.001220220166518134,-0.9992552441691,0.03830493998393341
1751541600.9529314,3.3481,0.6138,0.0,0.0034379521479600645,0.0014417220891951763,-0.9992591435943712,0.0383049065458944
1751541601.0523665,3.32242,0.6121,0.0,0.0027670146448476474,0.0007176113878882203,-0.9992587682601867,0.03838935684516749
1751541601.1579955,3.2971,0.61004,0.0,0.002921643612515484,0.0012467564261333939,-0.9992677621861222,0.038129372569648066
1751541601.2527902,3.27226,0.60842,0.0,0.0032570033707425548,0.0016091576763908953,-0.9992628191905647,0.03821806802992863
1751541601.3531299,3.24696,0.60659,0.0,0.0034149104851284705,0.0020515384739448915,-0.9992647470696602,0.038132595506686025
1751541601.4563413,3.22198,0.60483,0.0,0.0037489332980338336,0.002415943614688269,-0.9992391799196545,0.03874493552806315
1751541601.55397,3.19666,0.60294,0.0,0.0043484822444667046,0.002702338426056536,-0.9992257448047319,0.039008960363348166
1751541601.6613784,3.15899,0.59993,0.0,0.004852420983670793,0.0030804435391131937,-0.9991490454539406,0.04084299017798357
1751541601.7632427,3.13441,0.59807,0.0,0.00571433677027877,0.0032147272610219438,-0.9990599542323354,0.04285113456137426
1751541601.8652208,3.10966,0.59537,0.0,0.006355380862567843,0.0023867965475650606,-0.9989350222947228,0.04563697590084191
1751541601.965198,3.08457,0.5929,0.0,0.00688947441540568,0.0020782232323857267,-0.9988219393648201,0.04798905681481347
1751541602.0629067,3.0601,0.59101,0.0,0.006709887063574858,0.0020868393383209347,-0.9986985108327251,0.050516403055516294
1751541602.1655731,3.03616,0.58857,0.0,0.007140662625779118,0.002125701398892964,-0.998573611109038,0.052869987019889916
1751541602.261579,3.01096,0.58638,0.0,0.006999295809195144,0.0014388922911847376,-0.9984245886868576,0.05565321331809006
1751541602.3621845,2.98563,0.58385,0.0,0.007082237762743269,0.0014641490785114032,-0.9982595541536677,0.058528289883340974
1751541602.4605556,2.96096,0.58084,0.0,0.007233324091659652,0.001833552203657793,-0.9981697751468136,0.06001180794027935
1751541602.5684483,2.93606,0.57782,0.0,0.0074089240559354575,0.0017730839792356745,-0.998035325601441,0.06218884843090021
1751541602.6628938,2.9116,0.57412,0.0,0.006718507787193115,0.001574844720801052,-0.9978574309727414,0.06506096348578927
1751541602.7622285,2.88654,0.5708,0.0,0.006441662233852471,0.0017477201926441588,-0.9976969523032144,0.06749993945679177
1751541602.8604367,2.85695,0.56672,0.0,0.006188014262429657,0.0015726678001506083,-0.9975126856075626,0.07019741624494498
1751541602.9611492,2.82342,0.56233,0.0,0.006165459736393488,0.0018478096823750715,-0.9973503956685523,0.07246213470081361
1751541603.0646322,2.79228,0.55771,0.0,0.006736971758396623,0.002344882843142753,-0.9971522669765222,0.07507643571428539
1751541603.167177,2.76502,0.55291,0.0,0.007166230635521373,0.0023951474371071988,-0.996962688176662,0.07751326848222187
1751541603.262486,2.73775,0.5487,0.0,0.007073162003654543,0.002406293388322341,-0.9967639775102644,0.08003594985577914
1751541603.363183,2.70734,0.54338,0.0,0.007413541488384935,0.0014067290904962225,-0.996507674561318,0.0831595758542605
1751541603.4627202,2.67575,0.53805,0.0,0.007569593229895895,0.0016110214878588924,-0.9963297221596308,0.08524781879562979
1751541603.564028,2.64614,0.53296,0.0,0.007995974956913692,0.0017393440839393332,-0.9962813327689714,0.08577030396779814
1751541603.6624672,2.61859,0.52842,0.0,0.0077985953023964535,0.001989287029128591,-0.9962372120915398,0.0862939273211111
1751541603.7704365,2.59013,0.52355,0.0,0.007363732963016101,0.0019522856638902585,-0.9962330842640124,0.08638058714404005
1751541603.8644059,2.56035,0.51834,0.0,0.007370619484916811,0.0018679208646847911,-0.9962030378576319,0.0867276899454716
1751541603.9689884,2.53024,0.51304,0.0,0.0072846572836572495,0.0018565400501467052,-0.996248969690155,0.08620601729929696
1751541604.062453,2.50084,0.50818,0.0,0.007371759157573136,0.0018634180612242454,-0.9962558309155801,0.08611912799581112
1751541604.1703231,2.47205,0.50281,0.0,0.007436338788140404,0.002131101761898767,-0.9962621531960919,0.08603418727340377
1751541604.2694552,2.44324,0.49768,0.0,0.006174119654275245,0.0025476629009281012,-0.9962696093148147,0.08603635984829074
1751541604.3675368,2.41355,0.49234,0.0,0.005531472105318062,0.0018780604355884312,-0.9962902519086675,0.08585807857803754
1751541604.4664793,2.38402,0.48683,0.0,0.00482926634969484,0.0019029668195960658,-0.9963312434406505,0.08542312478371647
1751541604.5701036,2.35405,0.48144,0.0,0.00431504174068851,0.001771300286126668,-0.996333926530086,0.08542218538069353
1751541604.6655777,2.32437,0.47625,0.0,0.0032799690328321656,0.0015931943138841754,-0.9963828813349493,0.08489910080611114
1751541604.7691896,2.29506,0.47083,0.0,0.0020584058515068625,0.0015723029748257581,-0.9965546767606213,0.08289793154982517
1751541604.8651965,2.26569,0.46523,0.0,0.0019553053257336367,0.0018200030467564081,-0.996802978706246,0.07985415463423454
1751541604.971608,2.23625,0.46047,0.0,0.0022485615970496238,0.002623905208243847,-0.9970396420095547,0.0768115313846928
1751541605.0654588,2.20656,0.45584,0.0,0.002460508545577172,0.0021973344597818,-0.9971923855478735,0.07480951693675493
1751541605.1718504,2.17593,0.45136,0.0,0.0028568451181586406,0.002832148274892771,-0.9973693610211884,0.07237523794991155
1751541605.2653778,2.14583,0.44716,0.0,0.00334516235388352,0.0034693816890258816,-0.9975759517567087,0.0694189725955287
1751541605.37134,2.11682,0.44324,0.0,0.004058119915390705,0.00341839479031146,-0.9977807435003251,0.06637344453731875
1751541605.4685588,2.08686,0.43994,0.0,0.004353007070581658,0.002993566423468915,-0.9978839682444932,0.06480490575670089
1751541605.5703356,2.05645,0.43633,0.0,0.0055582143955653085,0.003485346478074615,-0.9981334678500831,0.06071687549790429
1751541605.6654208,2.02638,0.433,0.0,0.006007381577598691,0.003410051155571582,-0.9982764650348489,0.05827848895796504
1751541605.7718663,1.99674,0.42977,0.0,0.006087456149234018,0.0035840546217267765,-0.9983257732620088,0.05740860450239191
1751541605.8693433,1.96729,0.42639,0.0,0.0061913476100369765,0.0033244585450300386,-0.9983560327994468,0.05688450547472412
1751541605.968326,1.93759,0.4229,0.0,0.006187573966587198,0.0034094218686475182,-0.9983755346873411,0.05653655020157551
1751541606.0690305,1.90758,0.41945,0.0,0.00573253977530464,0.0037327690830139897,-0.9983819778117973,0.05645025069298769
1751541606.169385,1.87764,0.41647,0.0,0.005621569783236777,0.004001987400429952,-0.9982508435884734,0.058716567720877647
1751541606.2651882,1.84845,0.41306,0.0,0.004990666202090027,0.00415345282551079,-0.9980965094066321,0.06132862293238159
1751541606.3701515,1.81897,0.40968,0.0,0.00482891855645235,0.0038057423482407322,-0.9979515655396237,0.06367786670239595
1751541606.4653704,1.78879,0.40569,0.0,0.004599326100907372,0.0031899089530489405,-0.9978079994377879,0.06593835710910874
1751541606.571182,1.75891,0.40141,0.0,0.004329779101536971,0.003183999677435383,-0.9976332250531901,0.06854971501732669
1751541606.671859,1.72929,0.39697,0.0,0.004220790191785664,0.0033646778452569434,-0.9974252800528239,0.07150996143685333
1751541606.7734263,1.70017,0.39245,0.0,0.003685437299963022,0.0034216950541766517,-0.9972817513984655,0.07351066509339693
1751541606.8815143,1.67024,0.38778,0.0,0.0037625788233945625,0.003438957603633478,-0.9970655544174326,0.07638256846595375
1751541606.9777975,1.64036,0.38334,0.0,0.0045302310652593335,0.003597017736737691,-0.9968719853184124,0.07882121134075709
1751541607.0706122,1.61084,0.37831,0.0,0.005131221415144222,0.0036563506071200995,-0.9966943838945499,0.08099757268023686
1751541607.1706917,1.58111,0.37328,0.0,0.006005504904481745,0.0035693069126333564,-0.9964669354937701,0.08369492473657109
1751541607.2723136,1.55169,0.36809,0.0,0.006206292653677359,0.0031680879457498877,-0.9962069796102593,0.08673579956436414
1751541607.372283,1.52282,0.36312,0.0,0.006012631857797179,0.003335225059643245,-0.9960854833911222,0.08812737548241445
1751541607.4726872,1.49326,0.35795,0.0,0.0059868942084778404,0.0025640334400051086,-0.9958065934302619,0.09125136333815544
1751541607.58046,1.46296,0.35249,0.0,0.005570930481727623,0.002276658248079846,-0.9955921324091274,0.09359533880400217
1751541607.6732266,1.4334,0.34701,0.0,0.00523393599687174,0.002084854187976821,-0.9953292615523965,0.09637385742283221
1751541607.7734888,1.40435,0.34152,0.0,0.00442964958091761,0.0013159455975169025,-0.9951136504101168,0.0986279334632258
1751541607.8744488,1.37556,0.33496,0.0,0.0037674622669375286,0.0009076267388259169,-0.9949082504123803,0.10071025619641025
1751541607.9736211,1.34602,0.32863,0.0,0.004405103347645042,0.0015111710281255908,-0.9946195340885703,0.10349054950117756
1751541608.0723174,1.3163,0.32184,0.0,0.004261073530056673,0.00036799009289237213,-0.9943196124894724,0.10634949954959157
1751541608.1744509,1.28702,0.31491,0.0,0.004032475074686196,0.0016666066624300734,-0.9941503689737791,0.10791665967914259
1751541608.2738037,1.25785,0.3084,0.0,0.004141949687903595,0.0022200846409942397,-0.9937755377135703,0.11130182441934149
1751541608.375628,1.2293,0.30181,0.0,0.004251328728182889,0.0027687567284955333,-0.9935381284714249,0.1133853935201604
1751541608.4725528,1.20011,0.29537,0.0,0.004359781816911506,0.0025322511507114044,-0.9931772922533743,0.11650513361596732
1751541608.5726523,1.17132,0.28886,0.0,0.004801342549409615,0.002500178666194365,-0.9930835035922149,0.11728534055614807
1751541608.673823,1.14271,0.28183,0.0,0.004770396266670186,0.002760583536936964,-0.9930725760470499,0.11737325590299896
1751541608.7728431,1.11367,0.27523,0.0,0.004326110186636365,0.002797173883317256,-0.993043784019098,0.1176329189043204
1751541608.8738353,1.08491,0.26834,0.0,0.0037299875360835115,0.0026383430725583686,-0.993057063015845,0.11754486774485816
1751541608.974225,1.05619,0.261,0.0,0.0026818417487454943,0.0025998225618089647,-0.9931527502874397,0.11676327866232639
1751541609.0732791,1.02706,0.25315,0.0,0.0022125362472562764,0.002891892015116279,-0.9933453423430997,0.11511634327582587
1751541609.177256,0.99825,0.24696,0.0,0.001757624353914695,0.00309682977151971,-0.993663288526941,0.11234139680376998
1751541609.2736297,0.96826,0.24101,0.0,0.0014785193060965344,0.003322933883550294,-0.9940110727514286,0.10921885981194426
1751541609.3731961,0.93819,0.23422,0.0,0.0012850511919308323,0.00364450180897944,-0.9945411970806044,0.10427307207269232
1751541609.4755328,0.90892,0.22813,0.0,0.0011792289454424694,0.003977455979699382,-0.9949855482717398,0.09993271733225881
1751541609.5753436,0.87956,0.22202,0.0,0.0020100919354920717,0.002902739443635986,-0.9957420745285903,0.09211544196079666
1751541609.6721656,0.84996,0.2171,0.0,0.002936294128920852,0.002528966718365084,-0.9963372059774475,0.08542338373758854
1751541609.7750933,0.82017,0.2124,0.0,0.0036179675278654715,0.0029953165924134348,-0.9969668434364789,0.07768559375960267
1751541609.8761234,0.79041,0.20842,0.0,0.004059492029262997,0.003257018469346533,-0.9975678853217987,0.06950702503883743
1751541609.9764345,0.76081,0.20495,0.0,0.004712604704288653,0.0029200550366135255,-0.998005103200869,0.06288941580669453
1751541610.075253,0.73124,0.20111,0.0,0.005687948982340076,0.0029471926372059663,-0.9983504608176911,0.05705540006903382
1751541610.1727653,0.70163,0.19757,0.0,0.005864863091317143,0.003186317008996151,-0.9986471919979115,0.05156778722734352
1751541610.2775402,0.67216,0.19505,0.0,0.006127877949463506,0.00335487001697614,-0.9988020530090348,0.048431940534557294
1751541610.3748105,0.64224,0.19292,0.0,0.005977232274180399,0.0030635710876594597,-0.9989708858598245,0.044855952012736164
1751541610.4773815,0.61219,0.19078,0.0,0.005749682519025912,0.0023479003042159354,-0.9990246084835883,0.04371796151818021
1751541610.5825052,0.58292,0.18803,0.0,0.0060400639685139115,0.0017416922870453874,-0.999076937955476,0.0424941899645544
1751541610.68029,0.55285,0.18507,0.0,0.005558066884968049,0.0007579779076804812,-0.9990996637027201,0.04205229305407343
1751541610.7831855,0.52313,0.18218,0.0,0.005057103766920644,0.00020930296035767288,-0.9991318210028135,0.041351978832496625
1751541610.8840883,0.49353,0.17996,0.0,0.004453984338538231,1.004921204320088e-05,-0.9991311283110768,0.041438513032686475
1751541610.9824252,0.46414,0.17749,0.0,0.0040071820053991045,0.0002535399693859962,-0.9991329381696451,0.041439716147093776
1751541611.0810497,0.43426,0.17411,0.0,0.0038039513760139486,0.0009435022783539751,-0.9991368208884333,0.0413552040538373
1751541611.1813924,0.40435,0.1714,0.0,0.0031516749355081737,0.0019623387398860067,-0.999166118370424,0.040660596064873274
1751541611.2803721,0.37408,0.169,0.0,0.002408531491163937,0.003067058602044219,-0.9991724238809758,0.04048776955332716
1751541611.3807595,0.34388,0.16679,0.0,0.0026408588903314317,0.0037758983753418893,-0.9991586695042747,0.04075195222597426
1751541611.4843612,0.31423,0.1644,0.0,0.0026928938034798573,0.0046511465228688195,-0.9991582832408166,0.04066743402588913
1751541611.5806596,0.28427,0.16237,0.0,0.0032717782421857067,0.005460420469493533,-0.999155791328062,0.04058551380757235
1751541611.6802542,0.25438,0.15965,0.0,0.003537368570653341,0.00538353442589812,-0.9991587991411326,0.04049936640899879
1751541611.7828436,0.22473,0.15752,0.0,0.0036996206125099068,0.005738076536196039,-0.999170226839086,0.04015277180118004
1751541611.88706,0.19525,0.15524,0.0,0.0043871861785123615,0.0060272747598607715,-0.9991690443927266,0.040070503911603654
1751541611.9813137,0.1652,0.1526,0.0,0.004207966418939794,0.006193209946478668,-0.9991827369359535,0.03972147250987568
1751541612.086357,0.13467,0.15061,0.0,0.0043697017057832185,0.006463243912489466,-0.999166319384232,0.04007241436820657
1751541612.1811075,0.10497,0.14825,0.0,0.004360971028219211,0.006723683349618471,-0.999175050061796,0.03981197493107759
1751541612.2806568,0.07591,0.146,0.0,0.00452048949692688,0.007165015005177208,-0.99918498812493,0.039466279790061794
1751541612.387691,0.04607,0.14382,0.0,0.004348925178850778,0.007071322517846488,-0.9991830310877046,0.0395519106241957
1751541612.480962,0.01622,0.14175,0.0,0.0040035947023891105,0.006970342769722608,-0.9991852905682417,0.03954921823740444
1751541612.5915945,-0.01356,0.1396,0.0,0.003674956973569846,0.006433704170082597,-0.9991868657394852,0.03963217727551732
1751541612.685847,-0.04306,0.13742,0.0,0.003778397846115215,0.006001839994086656,-0.999182279279529,0.03980545691443894
1751541612.78602,-0.07284,0.13487,0.0,0.0030310403669687536,0.0050970696690688586,-0.9992108353048984,0.03927517389356631
1751541612.8864691,-0.10281,0.13234,0.0,0.002436425478182053,0.004723242500042974,-0.9992314892293448,0.03883536717582243
1751541612.9907281,-0.1326,0.13007,0.0,0.0021831889358592408,0.0045379208105066175,-0.9992464889061687,0.038485001877120256
1751541613.1030777,-0.16261,0.12774,0.0,0.0025424419046010827,0.004289523139328948,-0.9992500584229277,0.03839865521310094
1751541613.1886573,-0.19274,0.12518,0.0,0.0032588322664132176,0.0037942458776344724,-0.9992364735445832,0.03874859544118725
1751541613.2897096,-0.22272,0.12278,0.0,0.0037710471347193056,0.0041610165902324515,-0.9992565748426291,0.03814135260082609
1751541613.3897426,-0.25244,0.12021,0.0,0.004091193348093792,0.004958060025802267,-0.9992614564113719,0.037884317446579815
1751541613.4907336,-0.28202,0.11779,0.0,0.003542417134246258,0.005550205310295754,-0.9992438236871944,0.03832006425954844
1751541613.5898733,-0.31195,0.1153,0.0,0.0042471812214107995,0.005402156957356122,-0.9992451164101833,0.038235787977752365
1751541613.689757,-0.3423,0.11357,0.0,0.0046142964179826575,0.004893894813883088,-0.9992327244121273,0.038583941297323246
1751541613.7876363,-0.37197,0.11179,0.0,0.0036220631786991926,0.003458015518873902,-0.9992465543925676,0.03848696300803921
1751541613.892678,-0.40101,0.10945,0.0,0.002632909463357313,0.001935085928876353,-0.9992573916211153,0.03839255814309121
1751541613.989678,-0.4304,0.10709,0.0,0.0023246106291125498,0.0008744546438740922,-0.999273102994958,0.038040730084043066
